NM_CONTEST_CUSTOM_CODE|NM_PARTY_NAME|NM_PARTY_ABBREVIATION|NM_PARTY_COLOR|NM_PARTY_LOGO|NM_PARTY_CUSTOM_CODE|NM_CANDIDATE_CUSTOM_CODE|NM_CANDIDATE_ID|NM_CANDIDATE_NAME|NM_CANDIDATE_LAST_NAME|NM_CANDIDATE_GENDER|NM_VICE_CANDIDATE_CUSTOM_CODE|NM_VICE_CANDIDATE_ID|NM_VICE_CANDIDATE_NAME|NM_VICE_CANDIDATE_LAST_NAME|NM_VICE_CANDIDATE_GENDER|NM_ADDITIONAL_INFORMATION
000100|ALIANZA COMPROMISO FEDERAL||#2A0EC4|party/default.png|133|0001000000133A|0001000000133A|LISTA A1|Lista A|MALE||||||8
000100|CAMBIEMOS||#CADD61|party/default.png|135|0001000000135A|0001000000135A|LISTA A CAMBIANDO JUNTOS|Lista A|MALE||||||9
000100|CAMBIEMOS||#CADD61||135|0001000000135B|0001000000135B|501 B DIGNIDAD PARTIDARIA|Lista B|MALE||||||10
000100|CAMBIEMOS||#CADD61||135|0001000000135C|0001000000135C|LISTA 502 C CAMBIANDO JUNTOS|Lista C|MALE||||||11
000100|CAMBIEMOS||#CADD61||135|0001000000135D|0001000000135D|EQUIPO DE GOBIERNO|Lista D|MALE||||||12
000100|CAMBIEMOS||#CADD61||135|0001000000135E|0001000000135E|EL PODER DE LA UNIÓN|Lista E|MALE||||||13
000100|CAMBIEMOS||#CADD61||135|0001000000135F|0001000000135F|REPÚBLICA DE LIBRES E IGUALES|Lista F|MALE||||||14
000100|CAMBIEMOS||#CADD61||135|0001000000135G|0001000000135G|EL CAMINO DEL CAMBIO|Lista G|MALE||||||15
000100|FRENTE DE IZQUIERDA Y DE LOS TRABAJADORES||#7AB965|party/default.png|137|0001000000137A|0001000000137A|LISTA A ROJA|Lista A|MALE||||||17
000100|FRENTE DE IZQUIERDA Y DE LOS TRABAJADORES||#7AB965||137|0001000000137B|0001000000137B|LISTA UNIDAD 2U|Lista B|MALE||||||18
000100|FRENTE PARA LA VICTORIA||#0F4026|party/default.png|131|0001000000131A|0001000000131A|CELESTE Y BLANCA K NÉSTOR KIRCHNER|Lista A|MALE||||||5
000100|FRENTE POPULAR||#1C5846|party/default.png|136|0001000000136A|0001000000136A|PROTAGONISMO Y PARTICIPACIÓN|Lista A|MALE||||||16
000100|MOVIMIENTO AL SOCIALISMO||#E0BD0D|party/default.png|13|0001000000013A|0001000000013A|LISTA A-SOB|Lista A|MALE||||||1
000100|MOVIMIENTO DE ACCION VECINAL||#65F882|party/default.png|57|0001000000057A|0001000000057A|COMPROMISO VECINAL|Lista A|MALE||||||2
000100|NUEVA IZQUIERDA||#327215|party/default.png|68|0001000000068A|0001000000068A|LISTA UNIDAD|Lista A|MALE||||||3
000100|PARTIDO POPULAR||#22B3AD|party/default.png|81|0001000000081A|0001000000081A|MOVIMIENTO SOLIDARIO POPULAR|Lista A|MALE||||||4
000100|PROGRESISTAS||#55B669|party/default.png|132|0001000000132A|0001000000132A|MS - IGUALDAD Y DECENCIA|Lista A|MALE||||||6
000100|UNIDOS POR UNA NUEVA ALTERNATIVA||#E4CA11|party/default.png|138|0001000000138A|0001000000138A|FRENTE RENOVADOR  +A15|Lista A|MALE||||||19
000100|UNIDOS POR UNA NUEVA ALTERNATIVA||#E4CA11||138|0001000000138B|0001000000138B|MOVIMIENTO DE UNIDAD|Lista B|MALE||||||20
000200|ALIANZA COMPROMISO FEDERAL||#2A0EC4||133|0002000000133A|0002000000133A|LISTA A1|Lista A|MALE||||||8
000200|CAMBIEMOS||#CADD61||135|0002000000135A|0002000000135A|LISTA A CAMBIANDO JUNTOS|Lista A|MALE||||||9
000200|FRENTE DE IZQUIERDA Y DE LOS TRABAJADORES||#7AB965||137|0002000000137A|0002000000137A|LISTA A ROJA|Lista A|MALE||||||17
000200|FRENTE DE IZQUIERDA Y DE LOS TRABAJADORES||#7AB965||137|0002000000137B|0002000000137B|LISTA UNIDAD 2U|Lista B|MALE||||||18
000200|FRENTE PARA LA VICTORIA||#0F4026||131|0002000000131A|0002000000131A|CELESTE Y BLANCA K NÉSTOR KIRCHNER|Lista A|MALE||||||5
000200|FRENTE POPULAR||#1C5846||136|0002000000136A|0002000000136A|PROTAGONISMO Y PARTICIPACIÓN|Lista A|MALE||||||16
000200|MOVIMIENTO AL SOCIALISMO||#E0BD0D||13|0002000000013A|0002000000013A|LISTA A-SOB|Lista A|MALE||||||1
000200|MOVIMIENTO DE ACCION VECINAL||#65F882||57|0002000000057A|0002000000057A|COMPROMISO VECINAL|Lista A|MALE||||||2
000200|NUEVA IZQUIERDA||#327215||68|0002000000068A|0002000000068A|LISTA UNIDAD|Lista A|MALE||||||3
000200|PARTIDO POPULAR||#22B3AD||81|0002000000081A|0002000000081A|MOVIMIENTO SOLIDARIO POPULAR|Lista A|MALE||||||4
000200|PROGRESISTAS||#55B669||132|0002000000132A|0002000000132A|MS - IGUALDAD Y DECENCIA|Lista A|MALE||||||6
000200|PROGRESISTAS||#55B669||132|0002000000132B|0002000000132B|CREO|Lista B|MALE||||||7
000200|UNIDOS POR UNA NUEVA ALTERNATIVA||#E4CA11||138|0002000000138A|0002000000138A|FRENTE RENOVADOR  +A15|Lista A|MALE||||||19
000200|UNIDOS POR UNA NUEVA ALTERNATIVA||#E4CA11||138|0002000000138B|0002000000138B|MOVIMIENTO DE UNIDAD|Lista B|MALE||||||20
000351|ACCION CIUDADANA||#EC7DB1|party/default.png|51-179|000351051-179A|000351051-179A|LISTA A PROPUESTA AUTONOMISTA|Lista A|MALE||||||26
000351|AUTODETERMINACION Y LIBERTAD||#B25A22|party/default.png|51-187|000351051-187A|000351051-187A|LISTA 187-A QUE LOS PUEBLOS MANDEN|Lista A|MALE||||||28
000351|AVANCEMOS HACIA 1 PAIS MEJOR||#EFB63F|party/default.png|51-507|000351051-507A|000351051-507A|LISTA 507 A 1PAIS|Lista A|MALE||||||14
000351|BANDERA VECINAL||#D383DA|party/default.png|51-327|000351051-327A|000351051-327A|LISTA A LEALTAD|Lista A|MALE||||||5
000351|CONVOCATORIA ABIERTA POR BUENOS AIRES||#73B108|party/default.png|51-506|000351051-506A|000351051-506A|LISTA A POPULAR Y SOCIALISTA|Lista A|MALE||||||12
000351|CONVOCATORIA ABIERTA POR BUENOS AIRES||#73B108||51-506|000351051-506B|000351051-506B|LISTA B LA DIGNIDAD IP|Lista B|MALE||||||13
000351|EL MOVIMIENTO||#94B729|party/default.png|51-262|000351051-262B|000351051-262B|LISTA ORDEN Y JUSTICIA LETRA B|Lista B|MALE||||||1
000351|EL MOVIMIENTO||#94B729||51-262|000351051-262A|000351051-262A|LISTA SEGURIDAD Y TRANSPARENCIA LETRA A|Lista A|MALE||||||29
000351|EL MOVIMIENTO||#94B729||51-262|000351051-262C|000351051-262C|LISTA SER LETRA C|Lista C|MALE||||||2
000351|EL MOVIMIENTO||#94B729||51-262|000351051-262D|000351051-262D|LISTA RENOVACION REPUBLICANA LETRA D|Lista D|MALE||||||3
000351|EL MOVIMIENTO||#94B729||51-262|000351051-262E|000351051-262E|LISTA NUEVA DEMOCRACIA LETRA E|Lista E|MALE||||||4
000351|EVOLUCIÓN||#6CAC94|party/default.png|51-503|000351051-503A|000351051-503A|LISTA A SUMA +|Lista A|MALE||||||10
000351|FRENTE DE IZQUIERDA Y DE LOS TRABAJADORES||#7AB965||137|0003510000137A|0003510000137A|LISTA A ROJA|Lista A|MALE||||||17
000351|IZQUIERDA AL FRENTE POR EL SOCIALISMO||#4EB3D5|party/default.png|51-504|000351051-504A|000351051-504A|LISTA A UNIDAD DE LA IZQUIERDA|Lista A|MALE||||||11
000351|MOVIMIENTO POLITICO, SOCIAL Y CULTURAL PROYECTO SUR||#833551|party/default.png|83|0003510000083A|0003510000083A|LISTA A UNIDAD|Lista A|MALE||||||25
000351|PARTIDO FEDERAL||#D083A4|party/default.png|51-8|00035100051-8A|00035100051-8A|ROJO PUNZÓ LETRA A|Lista A|MALE||||||21
000351|PARTIDO FEDERAL||#D083A4||51-8|00035100051-8B|00035100051-8B|LETRA B LISTA CELESTE Y BLANCA|Lista B|MALE||||||22
000351|PARTIDO HUMANISTA||#79D290|party/default.png|22|0003510000022A|0003510000022A|LISTA A NARANJA|Lista A|MALE||||||23
000351|PARTIDO RENOVADOR FEDERAL||#A153DD|party/default.png|51-79|0003510051-79A|0003510051-79A|LISTA A UNIDAD FEDERAL|Lista A|MALE||||||24
000351|PARTIDO SOCIALISTA AUTENTICO||#86DE0D|party/default.png|51-184|000351051-184A|000351051-184A|LISTA A HONESTIDAD Y PARTICIPACIÓN|Lista A|MALE||||||27
000351|UNIDAD PORTEÑA||#EE20AC|party/default.png|51-501|000351051-501A|000351051-501A|LISTA A UNIDAD CIUDADANA|Lista A|MALE||||||6
000351|UNIDAD PORTEÑA||#EE20AC||51-501|000351051-501B|000351051-501B|LISTA B AHORA BUENOS AIRES|Lista B|MALE||||||7
000351|UNIDAD PORTEÑA||#EE20AC||51-501|000351051-501C|000351051-501C|LISTA C HONESTIDAD Y CORAJE|Lista C|MALE||||||8
000351|VAMOS JUNTOS||#37B196|party/default.png|51-502|000351051-502A|000351051-502A|LISTA 502A SIGAMOS CON EL CAMBIO|Lista A|MALE||||||9
000352|1 PAIS||#F2477A|party/default.png|52-501|000352052-501A|000352052-501A|UN PAIS UNIDO HOY Y SIEMPRE|Lista A|MALE||||||4
000352|CAMBIEMOS BUENOS AIRES||#9858E7|party/default.png|52-508|000352052-508A|000352052-508A|CAMBIANDO JUNTOS|Lista A|MALE||||||16
000352|CREO||#DB8608|party/default.png|52-507|000352052-507A|000352052-507A|CONVICCIONES|Lista A|MALE||||||15
000352|ENCUENTRO POPULAR POR TIERRA, TECHO Y TRABAJO||#DE7F04|party/default.png|52-506|000352052-506A|000352052-506A|MEMORIA VERDAD JUSTICIA|Lista A|MALE||||||14
000352|FRENTE DE IZQUIERDA Y DE LOS TRABAJADORES||#7AB965||137|0003520000137A|0003520000137A|LISTA A ROJA|Lista A|MALE||||||1
000352|FRENTE JUSTICIALISTA||#27EAEE|party/default.png|52-509|000352052-509A|000352052-509A|CUMPLIR R|Lista A|MALE||||||17
000352|FRENTE PATRIOTA BANDERA VECINAL||#5A470A|party/default.png|52-505|000352052-505A|000352052-505A|LISTA A - CONDUCCIÓN|Lista A|MALE||||||8
000352|FRENTE SOCIALISTA Y POPULAR||#E3C897|party/default.png|52-502|000352052-502A|000352052-502A|LISTA A|Lista A|MALE||||||5
000352|IZQUIERDA AL FRENTE POR EL SOCIALISMO||#CFC7B9|party/default.png|52-504|000352052-504A|000352052-504A|1A UNIDAD DE LA IZQUIERDA|Lista A|MALE||||||7
000352|MOVIMIENTO AMPLIO DE TRABAJADORES Y JUBILADOS- MATRAJU-||#E4E363|party/default.png|52-268|000352052-268A|000352052-268A|LISTA UNIDAD N° 1|Lista A|MALE||||||10
000352|PARTIDO DEL CAMPO POPULAR||#09EDCA|party/default.png|52-259|000352052-259A|000352052-259A|LISTA A INDEPENDENCIA|Lista A|MALE||||||7
000352|PARTIDO FEDERAL||#E1AF89|party/default.png|52-8|00035200052-8A|00035200052-8A|LISTA ROJO PUNZÓ LETRA A|Lista A|MALE||||||2
000352|PARTIDO FEDERAL||#E1AF89||52-8|00035200052-8B|00035200052-8B|LISTA CELESTE Y BLANCA LETRA B|Lista B|MALE||||||3
000352|PARTIDO FEDERAL||#E1AF89||52-8|00035200052-8C|00035200052-8C|FEDERALISMO PURO LETRA C|Lista C|MALE||||||4
000352|PARTIDO FEDERAL||#E1AF89||52-8|00035200052-8D|00035200052-8D|LISTA ALTERNATIVA LETRA D|Lista D|MALE||||||5
000352|PARTIDO HUMANISTA||#79D290||22|0003520000022A|0003520000022A|LISTA A NARANJA|Lista A|MALE||||||6
000352|PARTIDO MOVIMIENTO ORGANIZACIÓN DEMOCRÁTICA||#6E60B4|party/default.png|52-309|000352052-309A|000352052-309A|LISTA COMPROMISO CIUDADANO|Lista A|MALE||||||3
000352|PARTIDO TODOS POR BUENOS AIRES||#6402F4|party/default.png|52-298|000352052-298A|000352052-298A|LISTA TOBA|Lista A|MALE||||||1
000352|PATRIA GRANDE||#E30D19|party/default.png|52-301|000352052-301A|000352052-301A|LISTA A VAMOS|Lista A|MALE||||||2
000352|UNIDAD CIUDADANA||#7717F9|party/default.png|52-503|000352052-503A|000352052-503A|LISTA CELESTE Y BLANCA U|Lista A|MALE||||||6
000353|FRENTE CÍVICO Y SOCIAL - CAMBIEMOS||#813A31|party/default.png|53-504|000353053-504A|000353053-504A|LISTA A CAMBIANDO JUNTOS CATAMARCA|Lista A|MALE||||||27
000353|FRENTE CÍVICO Y SOCIAL - CAMBIEMOS||#813A31||53-504|000353053-504B|000353053-504B|LISTA B JUNTOS POR EL CAMBIO|Lista B|MALE||||||28
000353|FRENTE DE UNIDAD CIUDADANA||#CAD6DF|party/default.png|53-503|000353053-503A|000353053-503A|LISTA K CATAMARCA CIUDADANA|Lista A|MALE||||||26
000353|FRENTE JUSTICIALISTA PARA LA VICTORIA||#4D4863|party/default.png|53-501|000353053-501A|000353053-501A|LISTA AZUL Y BLANCA|Lista A|MALE||||||25
000353|MOVIMIENTO AUTENTICO POPULAR||#4C1A3E|party/default.png|53-216|000353053-216A|000353053-216A|LETRA A - TRABAJO Y DIGNIDAD|Lista A|MALE||||||24
000353|PARTIDO DEL CAMPO POPULAR||#833B41|party/default.png|53-180|000353053-180A|000353053-180A|LISTA A FRENTE DE LOS JUBILADOS|Lista A|MALE||||||1
000353|PARTIDO DEL CAMPO POPULAR||#833B41||53-180|000353053-180B|000353053-180B|LISTA B PROYECTO JOVEN|Lista B|MALE||||||2
000353|PARTIDO DEL CAMPO POPULAR||#833B41||53-180|000353053-180C|000353053-180C|LISTA C MAS RENOVADOR|Lista C|MALE||||||3
000353|PARTIDO DEL CAMPO POPULAR||#833B41||53-180|000353053-180D|000353053-180D|LISTA D CREO EN SANTA FE|Lista D|MALE||||||4
000353|PARTIDO DEL CAMPO POPULAR||#833B41||53-180|000353053-180E|000353053-180E|LISTA E CON TOTAL SEGURIDAD|Lista E|MALE||||||5
000353|PARTIDO DEL CAMPO POPULAR||#833B41||53-180|000353053-180F|000353053-180F|LISTA F JUNTOS ES POSIBLE|Lista F|MALE||||||6
000353|PARTIDO DEL CAMPO POPULAR||#833B41||53-180|000353053-180G|000353053-180G|LISTA G POR LA DECADA GANADA|Lista G|MALE||||||7
000353|PARTIDO NACIONALISTA CONSTITUCIONAL UNIR||#50F5C0|party/default.png|33|0003530000033A|0003530000033A|LISTA A NI POR UNOS, NI POR OTROS, POR TODOS|Lista A|MALE||||||21
000353|PARTIDO OBRERO||#90C3C5|party/default.png|53-194|000353053-194A|000353053-194A|A ROJA EN EL FRENTE DE IZQUIERDA|Lista A|MALE||||||22
000353|RENACER POLITICO Y SOCIAL||#3F2DB3|party/default.png|53-215|000353053-215A|000353053-215A|LISTA ABBA|Lista A|MALE||||||23
000353|UNITE POR LA LIBERTAD Y LA DIGNIDAD||#7DDC68|party/default.png|53-188|000353053-188A|000353053-188A|LISTA A NUEVA DEMOCRACIA|Lista A|MALE||||||8
000353|UNITE POR LA LIBERTAD Y LA DIGNIDAD||#7DDC68||53-188|000353053-188B|000353053-188B|LISTA B SALUD COMUNITARIA|Lista B|MALE||||||9
000353|UNITE POR LA LIBERTAD Y LA DIGNIDAD||#7DDC68||53-188|000353053-188C|000353053-188C|LISTA C ESPERANZA SANTAFESINA|Lista C|MALE||||||10
000353|UNITE POR LA LIBERTAD Y LA DIGNIDAD||#7DDC68||53-188|000353053-188D|000353053-188D|LISTA D UN NUEVO TIEMPO|Lista D|MALE||||||11
000353|UNITE POR LA LIBERTAD Y LA DIGNIDAD||#7DDC68||53-188|000353053-188E|000353053-188E|LISTA E FRENTE DE UNIDAD NACIENTE|Lista E|MALE||||||12
000353|UNITE POR LA LIBERTAD Y LA DIGNIDAD||#7DDC68||53-188|000353053-188F|000353053-188F|LISTA F CIUDADANOS RESPONSABLES|Lista F|MALE||||||13
000353|UNITE POR LA LIBERTAD Y LA DIGNIDAD||#7DDC68||53-188|000353053-188G|000353053-188G|LISTA G COMPRENSIÓN|Lista G|MALE||||||14
000353|UNITE POR LA LIBERTAD Y LA DIGNIDAD||#7DDC68||53-188|000353053-188H|000353053-188H|LISTA H JUNTOS PARA GANAR|Lista H|MALE||||||15
000353|UNITE POR LA LIBERTAD Y LA DIGNIDAD||#7DDC68||53-188|000353053-188I|000353053-188I|LISTA I FUERZA PARA EL CAMBIO|Lista I|MALE||||||16
000354|CAMBIEMOS||#CADD61||135|0003540000135H|0003540000135H|CAMBIANDO JUNTOS - LISTA M|Lista H|MALE||||||16
000354|CAMBIEMOS||#CADD61||135|0003540000135I|0003540000135I|PARA LA DEMOCRACIA SOCIAL - LISTA R|Lista I|MALE||||||17
000354|ENCUENTRO VECINAL CORDOBA||#64221F|party/default.png|54-217|000354054-217A|000354054-217A|LISTA: VALORES EN ACCIÓN A1|Lista A|MALE||||||26
000354|FRENTE CÓRDOBA CIUDADANA||#40165A|party/default.png|54-504|000354054-504A|000354054-504A|LISTA 5 K|Lista A|MALE||||||4
000354|FRENTE DE IZQUIERDA Y DE LOS TRABAJADORES||#7AB965||137|0003540000137A|0003540000137A|LISTA A ROJA|Lista A|MALE||||||19
000354|GEN||#C22E58|party/default.png|54-69|0003540054-69A|0003540054-69A|LISTA 1 A MARGARITA|Lista A|MALE||||||24
000354|IZQUIERDA AL FRENTE POR EL SOCIALISMO||#688D97|party/default.png|54-505|000354054-505A|000354054-505A|LISTA 1 A|Lista A|MALE||||||5
000354|PARTIDO HUMANISTA||#79D290||22|0003540000022A|0003540000022A|LISTA NARANJA 22 H|Lista A|MALE||||||23
000354|PARTIDO PRIMERO LA GENTE||#5426AA|party/default.png|54-201|000354054-201A|000354054-201A|LISTA CÓRODBA CAMBIA /1A|Lista A|MALE||||||25
000354|POLITICA ABIERTA PARA LA INTEGRIDAD SOCIAL||#34AF35|party/default.png|54-231|000354054-231D|000354054-231D|LISTA 4 D - JUNTOS POR UN PAIS|Lista D|MALE||||||1
000354|POLITICA ABIERTA PARA LA INTEGRIDAD SOCIAL||#34AF35||54-231|000354054-231A|000354054-231A|LISTA 1 A- NUEVO PAÍS|Lista A|MALE||||||27
000354|POLITICA ABIERTA PARA LA INTEGRIDAD SOCIAL||#34AF35||54-231|000354054-231B|000354054-231B|LISTA 2 B - POR UN NUEVO PAÍS|Lista B|MALE||||||28
000354|POLITICA ABIERTA PARA LA INTEGRIDAD SOCIAL||#34AF35||54-231|000354054-231C|000354054-231C|LISTA 3 C - POR UN PAIS MEJOR|Lista C|MALE||||||29
000354|SOMOS||#27F17F|party/default.png|54-502|000354054-502A|000354054-502A|LISTA COMPROMISO A1|Lista A|MALE||||||2
000354|UNIÓN POR CÓRDOBA||#EC7D9B|party/default.png|54-503|000354054-503A|000354054-503A|MOVIMIENTO DE UNIDAD PERONISTA 2 M|Lista A|MALE||||||3
000355|COMPROMISO FEDERAL||#DB9AD3|party/default.png|82|0003550000082A|0003550000082A|CELESTE Y UNIDAD A|Lista A|MALE||||||23
000355|ENCUENTRO POR CORRIENTES-ECO+CAMBIEMOS||#C4CDD9|party/default.png|55-504|000355055-504A|000355055-504A|A LISTA VERDE|Lista A|MALE||||||5
000355|FRENTE RENOVADOR - 1 PAIS||#A8D3C6|party/default.png|55-502|000355055-502A|000355055-502A|RENOVEMOS CORRIENTES LISTA A|Lista A|MALE||||||26
000355|FRENTE RENOVADOR - 1 PAIS||#A8D3C6||55-502|000355055-502B|000355055-502B|LDS LIBRES LISTA B|Lista B|MALE||||||27
000355|FRENTE RENOVADOR - 1 PAIS||#A8D3C6||55-502|000355055-502C|000355055-502C|VAMOS PUEBLO CORRENTINO LISTA C|Lista C|MALE||||||28
000355|INSTRUMENTO ELECTORAL POR LA UNIDAD POPULAR||#485E0E|party/default.png|55-72|0003550055-72A|0003550055-72A|LISTA A FRENTE POPULAR|Lista A|MALE||||||22
000355|JUNTOS PODEMOS MAS||#F63788|party/default.png|55-503|000355055-503B|000355055-503B|CRECER JUNTOS LISTA B|Lista B|MALE||||||1
000355|JUNTOS PODEMOS MAS||#F63788||55-503|000355055-503A|000355055-503A|COMPROMISO CIUDADANO LISTA A|Lista A|MALE||||||29
000355|JUNTOS PODEMOS MAS||#F63788||55-503|000355055-503C|000355055-503C|CELESTA Y BLANCA LISTA C|Lista C|MALE||||||2
000355|JUNTOS PODEMOS MAS||#F63788||55-503|000355055-503D|000355055-503D|VOLVER A CRECER LISTA D|Lista D|MALE||||||3
000355|JUNTOS PODEMOS MAS||#F63788||55-503|000355055-503E|000355055-503E|LA DOCTRINA LISTA E|Lista E|MALE||||||4
000355|MOVIMIENTO SOCIALISTA DE LOS TRABAJADORES||#ACD88B|party/default.png|38|0003550000038A|0003550000038A|IZQUIERDA AL FRENTE A|Lista A|MALE||||||21
000355|SOMOS CORRIENTES||#9A1FB0|party/default.png|55-501|000355055-501A|000355055-501A|LISTA 501A LA 52|Lista A|MALE||||||24
000355|SOMOS CORRIENTES||#9A1FB0||55-501|000355055-501B|000355055-501B|LISTA 501B LA 51|Lista B|MALE||||||25
000356|ALIANZA CAMBIEMOS||#A07BF2|party/default.png|56-503|000356056-503A|000356056-503A|A CAMBIANDO JUNTOS|Lista A|MALE||||||5
000356|ALIANZA CAMBIEMOS||#A07BF2||56-503|000356056-503B|000356056-503B|C ENCUENTRO CIVICO|Lista B|MALE||||||6
000356|ALIANZA FRENTE CHACO MERECE MAS||#86BF42|party/default.png|56-502|000356056-502C|000356056-502C|LISTA 502K CORRIENTE PROVINCIAL KIRCHNERISTA|Lista C|MALE||||||1
000356|ALIANZA FRENTE CHACO MERECE MAS||#86BF42||56-502|000356056-502A|000356056-502A|LISTA 502B TRES BANDERAS|Lista A|MALE||||||28
000356|ALIANZA FRENTE CHACO MERECE MAS||#86BF42||56-502|000356056-502B|000356056-502B|LISTA 502 D HONESTIDAD, TRABAJO Y JUSTICIA SOCIAL|Lista B|MALE||||||29
000356|ALIANZA FRENTE CHACO MERECE MAS||#86BF42||56-502|000356056-502D|000356056-502D|LISTA 502L LA DOS|Lista D|MALE||||||2
000356|ALIANZA FRENTE CHACO MERECE MAS||#86BF42||56-502|000356056-502E|000356056-502E|LISTA 502P LA MARIA EVA|Lista E|MALE||||||3
000356|ALIANZA FRENTE CHACO MERECE MAS||#86BF42||56-502|000356056-502F|000356056-502F|LISTA 502S SOCIALISTAS UNIDOS|Lista F|MALE||||||4
000356|ALIANZA UN NUEVO PAIS||#6DF633|party/default.png|56-504|000356056-504A|000356056-504A|LISTA UNIDAD A|Lista A|MALE||||||7
000356|ALIANZA UNIDAD CIUDADANA||#D0AF88|party/default.png|56-501|000356056-501A|000356056-501A|LISTA 501K ROYECTO NACIONAL Y POPULAR|Lista A|MALE||||||27
000356|COMPROMISO FEDERAL||#DB9AD3||82|0003560000082A|0003560000082A|AMARILLO Y NEGRO -A-|Lista A|MALE||||||23
000356|MOVIMIENTO POLITICO, SOCIAL Y CULTURAL PROYECTO SUR||#833551||83|0003560000083A|0003560000083A|LISTA VERDE A|Lista A|MALE||||||26
000356|PARTIDO CIUDADANOS A GOBERNAR||#91FC50|party/default.png|56-179|000356056-179A|000356056-179A|A LISTA AZUL Y BLANCA|Lista A|MALE||||||25
000356|PARTIDO DEL OBRERO||#059971|party/default.png|56-71|0003560056-71A|0003560056-71A|LISTA A FRENTE DE IZQUIERDA Y DE LOS TRABAJADORES 71|Lista A|MALE||||||22
000356|PARTIDO DEMOCRATA||#F0611B|party/default.png|56-176|000356056-176A|000356056-176A|LISTA A CELESTE Y BLANCA|Lista A|MALE||||||24
000356|PARTIDO NACIONALISTA CONSTITUCIONAL UNIR||#50F5C0||33|0003560000033A|0003560000033A|LISTA 33A FEDERALISMO Y CIUDADANÍA|Lista A|MALE||||||21
000357|CAMBIEMOS CHUBUT||#519CA4|party/default.png|57-503|000357057-503A|000357057-503A|LISTA 503A CAMBIANDO JUNTOS|Lista A|MALE||||||2
000357|FRENTE CHUBUT PARA TODOS||#757436|party/default.png|57-502|000357057-502A|000357057-502A|LISTA 502A POR SIEMPRE CHUBUT|Lista A|MALE||||||1
000357|FRENTE PARA LA VICTORIA||#0F4026||131|0003570000131A|0003570000131A|CELESTE Y BLANCA K NÉSTOR KIRCHNER|Lista A|MALE||||||5
000357|FRENTE PARA LA VICTORIA||#0F4026||131|0003570000131B|0003570000131B|LISTA MOVIMIENTO JUSTICIA SOCIAL|Lista B|MALE||||||6
000357|FRENTE PARA LA VICTORIA||#0F4026||131|0003570000131C|0003570000131C|LISTA H PRIMERO CHUBUT|Lista C|MALE||||||7
000357|FRENTE PARA LA VICTORIA||#0F4026||131|0003570000131D|0003570000131D|LISTA P BLANCA Y CELESTE|Lista D|MALE||||||8
000357|FRENTE PARA LA VICTORIA||#0F4026||131|0003570000131E|0003570000131E|UNIDAD PERONISTA POR LA PRODUCCIÓN Y EL TRABAJO LETRA T|Lista E|MALE||||||9
000357|FRENTE PARA LA VICTORIA||#0F4026||131|0003570000131F|0003570000131F|FEDERACIÓN PERONISTA LETRA Z|Lista F|MALE||||||10
000357|MOVIMIENTO SOCIALISTA DE LOS TRABAJADORES||#ACD88B||38|0003570000038A|0003570000038A|LISTA IZQUIERDA AL FRENTE A|Lista A|MALE||||||26
000357|PARTIDO DEL OBRERO||#46D00F|party/default.png|57-71|0003570057-71A|0003570057-71A|LISTA 1 FRENTE DE IZQUIERDA A|Lista A|MALE||||||27
000357|PARTIDO DEL TRABAJO Y DEL PUEBLO||#D357C7|party/default.png|57-74|0003570057-74A|0003570057-74A|LISTA A FRENTE POPULAR|Lista A|MALE||||||28
000357|PARTIDO SOCIALISTA AUTENTICO DEL CHUBUT||#5F4E59|party/default.png|57-153|000357057-153A|000357057-153A|LISTA 1° DE MAYO 153A|Lista A|MALE||||||29
000358|CAMBIEMOS||#CADD61||135|0003580000135C|0003580000135C|LISTA 502 C CAMBIANDO JUNTOS|Lista C|MALE||||||11
000358|CAMBIEMOS||#CADD61||135|0003580000135H|0003580000135H|AYUDANOS A CAMBIAR LISTA 502A|Lista H|MALE||||||16
000358|CAMBIEMOS||#CADD61||135|0003580000135I|0003580000135I|LISTA 502 B RENOVACION|Lista I|MALE||||||17
000358|FRENTE JUSTICIALISTA SOMOS ENTRE RIOS||#C5CBCE|party/default.png|58-501|000358058-501G|000358058-501G|G LISTA N° 17 JUSTICIA Y DIGNIDAD PERONISTA|Lista G|MALE||||||1
000358|FRENTE JUSTICIALISTA SOMOS ENTRE RIOS||#C5CBCE||58-501|000358058-501A|000358058-501A|LISTA A2 SOMOS ENTRE RIOS|Lista A|MALE||||||24
000358|FRENTE JUSTICIALISTA SOMOS ENTRE RIOS||#C5CBCE||58-501|000358058-501B|000358058-501B|B LISTA 2017 POR LA PRODUCCIÓN EL TRABAJO Y LA JUSTICIA SOCIAL|Lista B|MALE||||||25
000358|FRENTE JUSTICIALISTA SOMOS ENTRE RIOS||#C5CBCE||58-501|000358058-501C|000358058-501C|C LISTA LIBRES PENSADORES LISTA 8|Lista C|MALE||||||26
000358|FRENTE JUSTICIALISTA SOMOS ENTRE RIOS||#C5CBCE||58-501|000358058-501D|000358058-501D|D LISTA N° 37 SENTIMIENTO FEDERAL|Lista D|MALE||||||27
000358|FRENTE JUSTICIALISTA SOMOS ENTRE RIOS||#C5CBCE||58-501|000358058-501E|000358058-501E|E LISTA N° 1 ¡¡VIVA PERON!! ¡¡VIVA ENTRE RIOS|Lista E|MALE||||||28
000358|FRENTE JUSTICIALISTA SOMOS ENTRE RIOS||#C5CBCE||58-501|000358058-501F|000358058-501F|F LISTA 112 FUERZA NUEVA|Lista F|MALE||||||29
000358|FRENTE JUSTICIALISTA SOMOS ENTRE RIOS||#C5CBCE||58-501|000358058-501H|000358058-501H|H LISTA 2019 LA PATRIA ES EL OTRO|Lista H|MALE||||||2
000358|FRENTE JUSTICIALISTA SOMOS ENTRE RIOS||#C5CBCE||58-501|000358058-501I|000358058-501I|I LISTA N° 10 UNION CIUDADANA|Lista I|MALE||||||3
000358|FRENTE JUSTICIALISTA SOMOS ENTRE RIOS||#C5CBCE||58-501|000358058-501J|000358058-501J|J LISTA 4 CELESTE POR LOS TRABAJADORES|Lista J|MALE||||||4
000358|NUEVA IZQUIERDA||#327215||68|0003580000068A|0003580000068A|LISTA UNIDAD|Lista A|MALE||||||3
000358|PARTIDO SOCIALISTA||#CEDDB9|party/default.png|58-50|0003580058-50A|0003580058-50A|LISTA A ENCUENTRO SOCIAL|Lista A|MALE||||||23
000359|FRENTE AMPLIO FORMOSEÑO CAMBIEMOS||#69EB27|party/default.png|59-502|000359059-502A|000359059-502A|LISTA VAMOS JUNTOS|Lista A|MALE||||||27
000359|FRENTE DE LA VICTORIA||#E55320|party/default.png|59-501|000359059-501A|000359059-501A|LISTA CELESTE BLANCA Y AZUL|Lista A|MALE||||||26
000359|PARTIDO AUTONOMISTA||#ACE30C|party/default.png|59-211|000359059-211A|000359059-211A|LISTA A|Lista A|MALE||||||24
000359|PARTIDO OBRERO||#2A33B6|party/default.png|59-204|000359059-204A|000359059-204A|ROJA 1|Lista A|MALE||||||23
000359|PARTIDO PRINCIPIOS Y CONVICCION||#86E669|party/default.png|59-212|000359059-212A|000359059-212A|LISTA A|Lista A|MALE||||||25
000359|PARTIDO SOCIALISTA||#6B08F0|party/default.png|59-50|0003590059-50A|0003590059-50A|Lista A|Lista A|MALE||||||22
000359|UNION POPULAR||#6CF794|party/default.png|59-23|0003590059-23A|0003590059-23A|LISTA BLANCA|Lista A|MALE||||||21
000360|COMPROMISO FEDERAL||#DB9AD3||82|0003600000082A|0003600000082A|LISTA COMPROMISO CON EL PUEBLO|Lista A|MALE||||||23
000360|FRENTE DE IZQUIERDA Y DE LOS TRABAJADORES||#7AB965||137|0003600000137A|0003600000137A|LISTA A ROJA|Lista A|MALE||||||17
000360|FRENTE JUJEÑO CAMBIEMOS||#477097|party/default.png|60-502|000360060-502A|000360060-502A|A CAMBIANDO JUNTOS|Lista A|MALE||||||28
000360|FRENTE JUSTICIALISTA||#FEDCAA|party/default.png|60-505|000360060-505B|000360060-505B|B LISTA AZUL HONESTIDAD|Lista B|MALE||||||1
000360|FRENTE JUSTICIALISTA||#FEDCAA||60-505|000360060-505A|000360060-505A|A LISTA POR JUJUY|Lista A|MALE||||||29
000360|FRENTE JUSTICIALISTA||#FEDCAA||60-505|000360060-505C|000360060-505C|C LISTA: EL PERONISMO VUELVE|Lista C|MALE||||||2
000360|FRENTE JUSTICIALISTA||#FEDCAA||60-505|000360060-505D|000360060-505D|D JUJUY AVANZA|Lista D|MALE||||||3
000360|FRENTE JUSTICIALISTA||#FEDCAA||60-505|000360060-505E|000360060-505E|E SI! POR LA IGUALDAD|Lista E|MALE||||||4
000360|FRENTE JUSTICIALISTA||#FEDCAA||60-505|000360060-505F|000360060-505F|F LISTA CELESTE Y BLANCO DE LOS TRABAJADORES|Lista F|MALE||||||5
000360|FRENTE RENOVADOR 1 PAIS||#E70CBC|party/default.png|60-501|000360060-501A|000360060-501A|LISTA 1 RENOVACIÓN|Lista A|MALE||||||25
000360|FRENTE RENOVADOR 1 PAIS||#E70CBC||60-501|000360060-501B|000360060-501B|LISTA 2 RENOVEMOS JUJUY|Lista B|MALE||||||26
000360|FRENTE RENOVADOR 1 PAIS||#E70CBC||60-501|000360060-501C|000360060-501C|LISTA 3 UN JUJUY UNIDOS POR UNA NUEVA ARGENTINA|Lista C|MALE||||||27
000360|MOVIMIENTO INTEGRACION LATINOAMERICANA DE EXPRESION SOCIAL||#7132BD|party/default.png|60-210|000360060-210A|000360060-210A|POR LA UNIDAD CIUDADANA JUJUY|Lista A|MALE||||||24
000360|MOVIMIENTO SOCIALISTA DE LOS TRABAJADORES||#ACD88B||38|0003600000038A|0003600000038A|VAMOS POR UNA IZQUIERDA AL FRENTE|Lista A|MALE||||||22
000360|PARTIDO NACIONALISTA CONSTITUCIONAL UNIR||#50F5C0||33|0003600000033A|0003600000033A|UNIR MI JUJUY|Lista A|MALE||||||21
000361|ALIANZA IZQUIERDA AL FRENTE POR EL SOCIALISMO||#83D47E|party/default.png|61-502|000361061-502A|000361061-502A|LISTA 502 1A UNIDAD DE LA IZQUIERDA|Lista A|MALE||||||1
000361|FRENTE CAMBIEMOS LA PAMPA||#63230B|party/default.png|61-503|000361061-503A|000361061-503A|LISTA 503B RENOVACIÓN Y CAMBIO|Lista A|MALE||||||2
000361|FRENTE CAMBIEMOS LA PAMPA||#63230B||61-503|000361061-503B|000361061-503B|LISTA M503 CAMBIAR LA PAMPA|Lista B|MALE||||||3
000361|FRENTE CAMBIEMOS LA PAMPA||#63230B||61-503|000361061-503C|000361061-503C|LISTA T503 JUNTOS POR LA PAMPA|Lista C|MALE||||||4
000361|FRENTE PROGRESISTA PAMPEANO||#BC0370|party/default.png|61-501|000361061-501A|000361061-501A|LISTA G ES EL MOMENTO|Lista A|MALE||||||28
000361|FRENTE PROGRESISTA PAMPEANO||#BC0370||61-501|000361061-501B|000361061-501B|LISTA S MÁS PARA LA GENTE|Lista B|MALE||||||29
000361|PARTIDO DE LOS TRABAJADORES SOCIALISTAS||#A66B9A|party/default.png|61-190|000361061-190A|000361061-190A|ROJA A|Lista A|MALE||||||27
000361|PARTIDO HUMANISTA||#79D290||22|0003610000022A|0003610000022A|LISTA 22K COHERENCIA|Lista A|MALE||||||26
000361|PARTIDO JUSTICIALISTA||#AC802D|party/default.png|61-2|00036100061-2A|00036100061-2A|LISTA 2A PERONISTAS DE LA PAMPA|Lista A|MALE||||||21
000361|PARTIDO JUSTICIALISTA||#AC802D||61-2|00036100061-2B|00036100061-2B|LISTA C CIUDADANOS EN ACCIÓN|Lista B|MALE||||||22
000361|PARTIDO JUSTICIALISTA||#AC802D||61-2|00036100061-2C|00036100061-2C|LISTA 2K FRENTE PERONISTA BARRIAL|Lista C|MALE||||||23
000361|PARTIDO JUSTICIALISTA||#AC802D||61-2|00036100061-2D|00036100061-2D|LETRA P 4 DE JUNIO|Lista D|MALE||||||24
000361|PARTIDO JUSTICIALISTA||#AC802D||61-2|00036100061-2E|00036100061-2E|2 LISTA V|Lista E|MALE||||||25
000362|ALTERNATIVA POPULAR RIOJANA||#63D545|party/default.png|62-504|000362062-504A|000362062-504A|CIUDADANO POR LA VICTORIA - A|Lista A|MALE||||||25
000362|CAMBIEMOS-FUERZA CIVICA RIOJANA||#3E8ABE|party/default.png|62-502|000362062-502A|000362062-502A|LISTA CAMBIA LA RIOJA LETRA A|Lista A|MALE||||||23
000362|FRENTE DE IZQUIERDA Y DE LOS TRABAJADORES||#7AB965||137|0003620000137A|0003620000137A|LISTA A ROJA|Lista A|MALE||||||17
000362|FRENTE JUSTICIALISTA RIOJANO||#AA8A26|party/default.png|62-501|000362062-501A|000362062-501A|RIOJA FEDERAL A|Lista A|MALE||||||22
000362|IZQUIERDA AL FRENTE POR EL SOCIALISMO||#1E8591|party/default.png|62-506|000362062-506A|000362062-506A|UNIDAD DE LA IZQUIERDA A|Lista A|MALE||||||26
000362|MOVIMIENTO NORTE GRANDE||#1D7B9C|party/default.png|62-159|000362062-159A|000362062-159A|AZUL T|Lista A|MALE||||||21
000362|UNA RIOJA||#1F06B6|party/default.png|62-503|000362062-503A|000362062-503A|LISTA UNIDAD 503 A|Lista A|MALE||||||24
000363|CAMBIEMOS||#CADD61||135|0003630000135B|0003630000135B|501 B DIGNIDAD PARTIDARIA|Lista B|MALE||||||1
000363|CAMBIEMOS||#CADD61||135|0003630000135D|0003630000135D|EQUIPO DE GOBIERNO|Lista D|MALE||||||2
000363|ENCUENTRO POR MENDOZA||#B48067|party/default.png|63-504|000363063-504A|000363063-504A|LISTA AZUL Y BLANCA|Lista A|MALE||||||11
000363|FRENTE DE IZQUIERDA Y DE LOS TRABAJADORES||#7AB965||137|0003630000137A|0003630000137A|LISTA A ROJA|Lista A|MALE||||||3
000363|PARTIDO DEL TRABAJO Y DEL PUEBLO POR UN PROYECTO POPULAR||#496A1E|party/default.png|63-74|0003630063-74A|0003630063-74A|LISTA 74 AHORA EL PUEBLO|Lista A|MALE||||||5
000363|PARTIDO INTRANSIGENTE||#57E9BF|party/default.png|63-6|00036300063-6A|00036300063-6A|LISTA PROTECTORA|Lista A|MALE||||||4
000363|PARTIDO VERDE||#ED910F|party/default.png|63-181|000363063-181A|000363063-181A|LISTA UNIDAD|Lista A|MALE||||||6
000363|PODEMOS CON LA IZQUIERDA||#2D1387|party/default.png|63-221|000363063-221A|000363063-221A|LISTA 1 UNIDAD|Lista A|MALE||||||7
000363|SOMOS MENDOZA||#9CED36|party/default.png|63-503|000363063-503A|000363063-503A|LISTA 503A UNIDAD CIUDADANA PARA TENER FUTURO|Lista A|MALE||||||8
000363|SOMOS MENDOZA||#9CED36||63-503|000363063-503B|000363063-503B|LISTA 503B CONSTRUYENDO|Lista B|MALE||||||9
000363|SOMOS MENDOZA||#9CED36||63-503|000363063-503C|000363063-503C|LISTA 503C NUEVA CONDUCCION|Lista C|MALE||||||10
000364|COMPROMISO FEDERAL||#DB9AD3||82|0003640000082A|0003640000082A|AMARILLO Y NEGRO|Lista A|MALE||||||24
000364|FRENTE AVANCEMOS||#024237|party/default.png|64-503|000364064-503A|000364064-503A|A PROVINCIA|Lista A|MALE||||||29
000364|FRENTE CAMBIEMOS||#C01F09|party/default.png|64-501|000364064-501A|000364064-501A|CAMBIANDO JUNTOS|Lista A|MALE||||||27
000364|FRENTE RENOVADOR DE LA CONCORDIA||#8CF9A4|party/default.png|64-502|000364064-502A|000364064-502A|LISTA ROJA, AZUL Y BLANCA|Lista A|MALE||||||28
000364|INSTRUMENTO ELECTORAL POR LA UNIDAD POPULAR||#22F64B|party/default.png|64-72|0003640064-72A|0003640064-72A|Lista A|Lista A|MALE||||||23
000364|PARTIDO AGRARIO Y SOCIAL||#556D63|party/default.png|64-184|000364064-184A|000364064-184A|LISTA VERDE K|Lista A|MALE||||||26
000364|PARTIDO DEL OBRERO||#3E8815|party/default.png|64-71|0003640064-71A|0003640064-71A|1 ROJA|Lista A|MALE||||||22
000364|PARTIDO NUEVO OCTUBRE||#1A04DB|party/default.png|64-165|000364064-165A|000364064-165A|PODEMOS|Lista A|MALE||||||25
000364|UNION POPULAR||#863741|party/default.png|64-23|0003640064-23A|0003640064-23A|UNIDAD|Lista A|MALE||||||21
000365|CAMBIEMOS||#CADD61||135|0003650000135H|0003650000135H|A VAMOS JUNTOS|Lista H|MALE||||||16
000365|CAMBIEMOS||#CADD61||135|0003650000135I|0003650000135I|LISTA B POR VOS|Lista I|MALE||||||17
000365|FRENTE DE IZQUIERDA Y DE LOS TRABAJADORES||#7AB965||137|0003650000137A|0003650000137A|LISTA A ROJA|Lista A|MALE||||||19
000365|FRENTE NEUQUINO||#D278BF|party/default.png|65-503|000365065-503A|000365065-503A|LISTA A|Lista A|MALE||||||27
000365|MOVIMIENTO LIBRES DEL SUR||#5011DA|party/default.png|65-40|0003650065-40A|0003650065-40A|LISTA A LIBRES|Lista A|MALE||||||23
000365|MOVIMIENTO POPULAR NEUQUINO||#4451F0|party/default.png|65-151|000365065-151A|000365065-151A|LETRA A PASIÓN POR NEUQUÉN|Lista A|MALE||||||24
000365|MOVIMIENTO POPULAR NEUQUINO||#4451F0||65-151|000365065-151B|000365065-151B|LETRA B LINEA VERDE MANZANA|Lista B|MALE||||||25
000365|NUEVA IZQUIERDA||#327215||68|0003650000068A|0003650000068A|LISTA UNIDAD|Lista A|MALE||||||3
000365|UN PAIS FRENTE RENOVADOR NEUQUEN+A||#5C1213|party/default.png|65-502|000365065-502A|000365065-502A|A UNA CIUDAD UNA PROVINCIA UN PAIS|Lista A|MALE||||||26
000365|UNIDAD CIUDADANA PARA LA VICTORIA||#CD5470|party/default.png|65-505|000365065-505A|000365065-505A|LISTA CELESTE Y BLANCA A|Lista A|MALE||||||28
000366|ALIANZA JUNTOS SOMOS RIO NEGRO||#FA533A|party/default.png|66-503|000366066-503A|000366066-503A|LISTA A VERDE ORGULLO RIONEGRINO|Lista A|MALE||||||24
000366|CAMBIEMOS RIO NEGRO||#B15BBE|party/default.png|66-504|000366066-504A|000366066-504A|LISTA A - UNIDAD AMARILLA, ROJA Y BLANCA|Lista A|MALE||||||25
000366|COALICION CIVICA - AFIRMACION PARA UNA REPUBLICA IGUALITARIA (ARI)||#853AAA|party/default.png|66-47|0003660066-47A|0003660066-47A|LISTA A AGUA, TIERRA, ENERGÍAS LIMPIAS. NO A LA PLANTA NUCLEAR|Lista A|MALE||||||21
000366|FRENTE DE IZQUIERDA Y DE LOS TRABAJADORES||#7AB965||137|0003660000137A|0003660000137A|LISTA A ROJA|Lista A|MALE||||||17
000366|FRENTE PARA LA VICTORIA||#0F4026||131|0003660000131A|0003660000131A|CELESTE Y BLANCA K NÉSTOR KIRCHNER|Lista A|MALE||||||5
000366|IZQUIERDA AL FRENTE POR EL SOCIALISMO||#AA526E|party/default.png|66-502|000366066-502A|000366066-502A|LISTA A 1. UNIDAD DE LA IZQUIERDA|Lista A|MALE||||||23
000366|PARTIDO SOCIALISTA||#9A9A29|party/default.png|66-50|0003660066-50A|0003660066-50A|LISTA A ALFREDO BRAVO|Lista A|MALE||||||22
000367|CAMBIEMOS PAIS||#2369A2|party/default.png|67-503|000367067-503A|000367067-503A|LISTA C CAMBIEMOS JUNTOS|Lista A|MALE||||||2
000367|CAMBIEMOS PAIS||#2369A2||67-503|000367067-503B|000367067-503B|EVOLUCIÓN CIUDADANA LISTA R|Lista B|MALE||||||3
000367|COMPROMISO FEDERAL||#DB9AD3||82|0003670000082A|0003670000082A|LISTA 82S UNIDAD FEDERAL|Lista A|MALE||||||22
000367|FRENTE CIUDADANO PARA LA VICTORIA||#92FF6C|party/default.png|67-505|000367067-505A|000367067-505A|A LISTA UNIDAD CIUDADANA PARA LA VICTORIA|Lista A|MALE||||||4
000367|FRENTE DE IZQUIERDA Y DE LOS TRABAJADORES||#7AB965||137|0003670000137A|0003670000137A|LISTA A ROJA|Lista A|MALE||||||17
000367|FRENTE POPULAR PARA LA LIBERACION||#D62A50|party/default.png|67-501|000367067-501A|000367067-501A|LISTA 501 A LISTA FRENTE POPULAR PARA LA LIBERACIÓN|Lista A|MALE||||||24
000367|FRENTE UNIDAD Y RENOVACION||#E7A9C4|party/default.png|67-502|000367067-502F|000367067-502F|CONSENSO Y LEALTAD PROVINCIAL LISTA 502F|Lista F|MALE||||||1
000367|FRENTE UNIDAD Y RENOVACION||#E7A9C4||67-502|000367067-502A|000367067-502A|HACIA UN FUTURO MEJOR A|Lista A|MALE||||||25
000367|FRENTE UNIDAD Y RENOVACION||#E7A9C4||67-502|000367067-502B|000367067-502B|DESARROLLO Y TRABAJO B|Lista B|MALE||||||26
000367|FRENTE UNIDAD Y RENOVACION||#E7A9C4||67-502|000367067-502C|000367067-502C|CONSTRUIMOS LISTA 502C|Lista C|MALE||||||27
000367|FRENTE UNIDAD Y RENOVACION||#E7A9C4||67-502|000367067-502D|000367067-502D|COMPROMISO LISTA 502D|Lista D|MALE||||||28
000367|FRENTE UNIDAD Y RENOVACION||#E7A9C4||67-502|000367067-502E|000367067-502E|NUEVA EXPRESIÓN JUSTICIALISTA LISTA 502E|Lista E|MALE||||||29
000367|MOVIMIENTO SOCIALISTA DE LOS TRABAJADORES||#ACD88B||38|0003670000038A|0003670000038A|A NUEVA IZQUIERDA|Lista A|MALE||||||21
000367|SALTA SOMOS TODOS||#4A2FC8|party/default.png|67-203|000367067-203A|000367067-203A|O JUNTOS SOMOS TODOS|Lista A|MALE||||||23
000368|1 PAIS - SOMOS SAN JUAN||#6DA1A0|party/default.png|68-503|000368068-503A|000368068-503A|LISTA PROVINCIA|Lista A|MALE||||||29
000368|ACCION POR UNA DEMOCRACIA NUEVA||#45244F|party/default.png|68-182|000368068-182A|000368068-182A|LISTA SANJUANINO|Lista A|MALE||||||24
000368|ACCION POR UNA DEMOCRACIA NUEVA||#45244F||68-182|000368068-182B|000368068-182B|LISTA JUNTOS|Lista B|MALE||||||25
000368|CAMBIEMOS SAN JUAN||#DCFF69|party/default.png|68-501|000368068-501A|000368068-501A|CAMBIANDO JUNTOS|Lista A|MALE||||||26
000368|CAMBIEMOS SAN JUAN||#DCFF69||68-501|000368068-501B|000368068-501B|RENOVACION|Lista B|MALE||||||27
000368|FRENTE PROGRESISTA POPULAR||#CA1312|party/default.png|68-504|000368068-504A|000368068-504A|LISTA PARTICIPACIÓN|Lista A|MALE||||||1
000368|FRENTE TODOS||#F96E09|party/default.png|68-502|000368068-502A|000368068-502A|LISTA SAN JUAN PRIMERO|Lista A|MALE||||||28
000368|IZQUIERDA POR UNA OPCION SOCIALISTA||#095149|party/default.png|68-61|0003680068-61A|0003680068-61A|LISTA 1 HACIA EL FRENTE DE IZQUIERDA Y DE LOS TRABAJADORES|Lista A|MALE||||||21
000368|NUEVA DIRIGENCIA||#ECE33F|party/default.png|68-177|000368068-177A|000368068-177A|LISTA ESPACIO Y DESARROLLO|Lista A|MALE||||||23
000368|NUEVA IZQUIERDA||#327215||68|0003680000068A|0003680000068A|LISTA UNIDAD|Lista A|MALE||||||3
000368|PARTIDO MOVIMIENTO VIDA Y COMPROMISO||#158DE5|party/default.png|68-167|000368068-167A|000368068-167A|LISTA CELESTE|Lista A|MALE||||||22
000369|AVANZAR Y CAMBIEMOS POR SAN LUIS||#B27987|party/default.png|69-502|000369069-502A|000369069-502A|MOVIMIENTO DE RECUPERACIÓN Y CAMBIO|Lista A|MALE||||||5
000369|AVANZAR Y CAMBIEMOS POR SAN LUIS||#B27987||69-502|000369069-502B|000369069-502B|UNIDAD Y CONSENSO POR SAN LUIS|Lista B|MALE||||||6
000369|FRENTE UNIDAD JUSTICIALISTA SAN LUIS||#C67670|party/default.png|69-501|000369069-501A|000369069-501A|A EL CAMBIO CONTINÚA|Lista A|MALE||||||4
000369|GEN||#9DC1D4|party/default.png|69-69|0003690069-69A|0003690069-69A|LISTA UN SAN LUIS A|Lista A|MALE||||||3
000369|MOVIMIENTO SOCIALISTA DE LOS TRABAJADORES||#ACD88B||38|0003690000038A|0003690000038A|VAMOS POR UNA IZQUIERDA AL FRENTE|Lista A|MALE||||||1
000369|PARTIDO DE TRABAJADORES POR EL SOCIALISMO||#C19234|party/default.png|69-70|0003690069-70A|0003690069-70A|LISTA FRENTE DE IZQUIERDA|Lista A|MALE||||||2
000370|FRENTE DE IZQUIERDA Y DE LOS TRABAJADORES - PARTIDO OBRERO + IZQUIERDA POR UNA OPCIÓN SOCIALISTA||#C8BCC5|party/default.png|70-504|000370070-504A|000370070-504A|1-ROJA|Lista A|MALE||||||28
000370|FRENTE PARA LA VICTORIA||#0F4026||131|0003700000131A|0003700000131A|CELESTE Y BLANCA K NÉSTOR KIRCHNER|Lista A|MALE||||||5
000370|FRENTE PARA LA VICTORIA||#0F4026||131|0003700000131B|0003700000131B|LISTA MOVIMIENTO JUSTICIA SOCIAL|Lista B|MALE||||||6
000370|FRENTE RENOVADOR AUTENTICO||#B9282E|party/default.png|70-176|000370070-176A|000370070-176A|1PROVINCIA|Lista A|MALE||||||23
000370|IZQUIERDA AL FRENTE POR EL SOCIALISMO||#D455C8|party/default.png|70-501|000370070-501A|000370070-501A|UNIDAD|Lista A|MALE||||||24
000370|MOVIMIENTO POLITICO, SOCIAL Y CULTURAL PROYECTO SUR||#833551||83|0003700000083A|0003700000083A|MEJOR ES HACER|Lista A|MALE||||||22
000370|PARTIDO DEL CAMPO POPULAR||#61F460|party/default.png|70-180|000370070-180A|000370070-180A|LISTA A FRENTE DE LOS JUBILADOS|Lista A|MALE||||||1
000370|PARTIDO DEL CAMPO POPULAR||#61F460||70-180|000370070-180B|000370070-180B|LISTA B PROYECTO JOVEN|Lista B|MALE||||||2
000370|PARTIDO DEL CAMPO POPULAR||#61F460||70-180|000370070-180C|000370070-180C|LISTA C MAS RENOVADOR|Lista C|MALE||||||3
000370|PARTIDO DEL CAMPO POPULAR||#61F460||70-180|000370070-180D|000370070-180D|LISTA D CREO EN SANTA FE|Lista D|MALE||||||4
000370|PARTIDO DEL CAMPO POPULAR||#61F460||70-180|000370070-180E|000370070-180E|LISTA E CON TOTAL SEGURIDAD|Lista E|MALE||||||5
000370|PARTIDO DEL CAMPO POPULAR||#61F460||70-180|000370070-180F|000370070-180F|LISTA F JUNTOS ES POSIBLE|Lista F|MALE||||||6
000370|PARTIDO DEL CAMPO POPULAR||#61F460||70-180|000370070-180G|000370070-180G|LISTA G POR LA DECADA GANADA|Lista G|MALE||||||7
000370|UNION PARA VIVIR MEJOR, CAMBIEMOS||#D8E593|party/default.png|70-503|000370070-503A|000370070-503A|EL CAMINO DEL CAMBIO|Lista A|MALE||||||25
000370|UNION PARA VIVIR MEJOR, CAMBIEMOS||#D8E593||70-503|000370070-503B|000370070-503B|INTEGRACIÓN CIUDADANA|Lista B|MALE||||||26
000370|UNION PARA VIVIR MEJOR, CAMBIEMOS||#D8E593||70-503|000370070-503C|000370070-503C|JUNTOS POR UN CAMBIO|Lista C|MALE||||||27
000370|UNITE POR LA LIBERTAD Y LA DIGNIDAD||#417A0D|party/default.png|70-188|000370070-188A|000370070-188A|LISTA A NUEVA DEMOCRACIA|Lista A|MALE||||||8
000370|UNITE POR LA LIBERTAD Y LA DIGNIDAD||#417A0D||70-188|000370070-188B|000370070-188B|LISTA B SALUD COMUNITARIA|Lista B|MALE||||||9
000370|UNITE POR LA LIBERTAD Y LA DIGNIDAD||#417A0D||70-188|000370070-188C|000370070-188C|LISTA C ESPERANZA SANTAFESINA|Lista C|MALE||||||10
000370|UNITE POR LA LIBERTAD Y LA DIGNIDAD||#417A0D||70-188|000370070-188D|000370070-188D|LISTA D UN NUEVO TIEMPO|Lista D|MALE||||||11
000370|UNITE POR LA LIBERTAD Y LA DIGNIDAD||#417A0D||70-188|000370070-188E|000370070-188E|LISTA E FRENTE DE UNIDAD NACIENTE|Lista E|MALE||||||12
000370|UNITE POR LA LIBERTAD Y LA DIGNIDAD||#417A0D||70-188|000370070-188F|000370070-188F|LISTA F CIUDADANOS RESPONSABLES|Lista F|MALE||||||13
000370|UNITE POR LA LIBERTAD Y LA DIGNIDAD||#417A0D||70-188|000370070-188G|000370070-188G|LISTA G COMPRENSIÓN|Lista G|MALE||||||14
000370|UNITE POR LA LIBERTAD Y LA DIGNIDAD||#417A0D||70-188|000370070-188H|000370070-188H|LISTA H JUNTOS PARA GANAR|Lista H|MALE||||||15
000370|UNITE POR LA LIBERTAD Y LA DIGNIDAD||#417A0D||70-188|000370070-188I|000370070-188I|LISTA I FUERZA PARA EL CAMBIO|Lista I|MALE||||||16
000371|1 PROYECTO SANTAFESINO||#961A10|party/default.png|71-502|000371071-502A|000371071-502A|LISTA 502A RENOVANDO SANTA FE|Lista A|MALE||||||21
000371|CAMBIEMOS||#CADD61||135|0003710000135A|0003710000135A|LISTA A CAMBIANDO JUNTOS|Lista A|MALE||||||14
000371|CIUDAD FUTURA||#BB7CAC|party/default.png|71-202|000371071-202A|000371071-202A|EL PODER DE LAS MUJERES LISTA A3|Lista A|MALE||||||8
000371|ESPACIO GRANDE||#A57C31|party/default.png|71-501|000371071-501A|000371071-501A|LISTA 1A VAMOS POR MAS|Lista A|MALE||||||9
000371|ESPACIO GRANDE||#A57C31||71-501|000371071-501B|000371071-501B|LISTA 2B CON FE ES POSIBLE|Lista B|MALE||||||10
000371|ESPACIO GRANDE||#A57C31||71-501|000371071-501C|000371071-501C|LISTA 3C NUEVA PROVINCIA|Lista C|MALE||||||11
000371|ESPACIO GRANDE||#A57C31||71-501|000371071-501D|000371071-501D|LISTA 4D CIUDADANOS EN RED|Lista D|MALE||||||12
000371|ESPACIO GRANDE||#A57C31||71-501|000371071-501E|000371071-501E|LISTA 5E SANTA FE PUEDE|Lista E|MALE||||||13
000371|ESPACIO GRANDE||#A57C31||71-501|000371071-501F|000371071-501F|LISTA 6F EL PUEBLO VUELVE|Lista F|MALE||||||14
000371|ESPACIO GRANDE||#A57C31||71-501|000371071-501G|000371071-501G|LISTA 7G UNIDOS POR LA LIBERTAD|Lista G|MALE||||||15
000371|ESPACIO GRANDE||#A57C31||71-501|000371071-501H|000371071-501H|LISTA 8H POR LOS POBRES|Lista H|MALE||||||16
000371|ESPACIO GRANDE||#A57C31||71-501|000371071-501I|000371071-501I|LISTA 9I FRENTE IGUALDAD ANIMAL|Lista I|MALE||||||17
000371|ESPACIO GRANDE||#A57C31||71-501|000371071-501J|000371071-501J|LISTA 10J NI UNA -|Lista J|MALE||||||18
000371|ESPACIO GRANDE||#A57C31||71-501|000371071-501K|000371071-501K|LISTA 11K FORZA SANTA FE|Lista K|MALE||||||19
000371|ESPACIO GRANDE||#A57C31||71-501|000371071-501L|000371071-501L|LISTA 12L LA HORA DEL PUEBLO|Lista L|MALE||||||20
000371|FRENTE DE IZQUIERDA Y DE LOS TRABAJADORES||#7AB965||137|0003710000137A|0003710000137A|LISTA A ROJA|Lista A|MALE||||||22
000371|FRENTE JUSTICIALISTA||#E19242|party/default.png|71-503|000371071-503A|000371071-503A|LISTA K UNIDAD CIUDADANA|Lista A|MALE||||||22
000371|FRENTE JUSTICIALISTA||#E19242||71-503|000371071-503B|000371071-503B|LISTA P COMPROMISO CON SANTA FE|Lista B|MALE||||||23
000371|FRENTE JUSTICIALISTA||#E19242||71-503|000371071-503C|000371071-503C|LISTA V NES - NUEVO ESPACIO SANTAFESINO|Lista C|MALE||||||24
000371|FRENTE PROGRESISTA CIVICO Y SOCIAL||#24F46B|party/default.png|71-506|000371071-506A|000371071-506A|LISTA A ADELANTE|Lista A|MALE||||||26
000371|FRENTE PROGRESISTA CIVICO Y SOCIAL||#24F46B||71-506|000371071-506B|000371071-506B|LISTA S SUMEMOS X SANTA FE|Lista B|MALE||||||27
000371|FRENTE SOCIAL Y POPULAR||#B8AEB4|party/default.png|71-504|000371071-504A|000371071-504A|LISTA A UNIDAD SOCIAL Y POPULAR|Lista A|MALE||||||25
000371|MOVIMIENTO INDEPENDIENTE RENOVADOR||#6E9D73|party/default.png|71-177|000371071-177A|000371071-177A|LISTA 1A DESARROLLO AGRO INDUSTRIAL|Lista A|MALE||||||30
000371|MOVIMIENTO INDEPENDIENTE RENOVADOR||#6E9D73||71-177|000371071-177B|000371071-177B|LISTA 2B SANTA FE SEGURA|Lista B|MALE||||||31
000371|PARTIDO AUTONOMISTA||#6F42CA|party/default.png|71-196|000371071-196A|000371071-196A|LISTA AZUL A SANTA FE CAMINA|Lista A|MALE||||||5
000371|PARTIDO AUTONOMISTA||#6F42CA||71-196|000371071-196B|000371071-196B|LISTA AMARILLO B JUBILADOS|Lista B|MALE||||||6
000371|PARTIDO AUTONOMISTA||#6F42CA||71-196|000371071-196C|000371071-196C|LISTA ROJO C TODOS JUNTOS|Lista C|MALE||||||7
000371|PARTIDO DEL CAMPO POPULAR||#44AA93|party/default.png|71-180|000371071-180A|000371071-180A|LISTA A FRENTE DE LOS JUBILADOS|Lista A|MALE||||||32
000371|PARTIDO DEL CAMPO POPULAR||#44AA93||71-180|000371071-180B|000371071-180B|LISTA B PROYECTO JOVEN|Lista B|MALE||||||33
000371|PARTIDO DEL CAMPO POPULAR||#44AA93||71-180|000371071-180C|000371071-180C|LISTA C MAS RENOVADOR|Lista C|MALE||||||34
000371|PARTIDO DEL CAMPO POPULAR||#44AA93||71-180|000371071-180D|000371071-180D|LISTA D CREO EN SANTA FE|Lista D|MALE||||||35
000371|PARTIDO DEL CAMPO POPULAR||#44AA93||71-180|000371071-180E|000371071-180E|LISTA E CON TOTAL SEGURIDAD|Lista E|MALE||||||36
000371|PARTIDO DEL CAMPO POPULAR||#44AA93||71-180|000371071-180F|000371071-180F|LISTA F JUNTOS ES POSIBLE|Lista F|MALE||||||37
000371|PARTIDO DEL CAMPO POPULAR||#44AA93||71-180|000371071-180G|000371071-180G|LISTA G POR LA DECADA GANADA|Lista G|MALE||||||38
000371|PARTIDO FEDERAL||#469229|party/default.png|71-8|00037100071-8A|00037100071-8A|LISTA A: DIGNIDAD CIUDADANA|Lista A|MALE||||||26
000371|PARTIDO FEDERAL||#469229||71-8|00037100071-8B|00037100071-8B|LISTA B RECREO SOCIAL|Lista B|MALE||||||27
000371|PARTIDO NACIONALISTA CONSTITUCIONAL UNIR||#50F5C0||33|0003710000033A|0003710000033A|LISTA A UNIÓN PARA RENOVAR SANTA FE|Lista A|MALE||||||28
000371|PARTIDO POPULAR||#22B3AD||81|0003710000081A|0003710000081A|MOVIMIENTO SOLIDARIO POPULAR|Lista A|MALE||||||4
000371|PARTIDO POPULAR||#22B3AD||81|0003710000081B|0003710000081B|LISTA B UNA SANTA FE RENOVADA|Lista B|MALE||||||5
000371|PARTIDO POPULAR||#22B3AD||81|0003710000081C|0003710000081C|LISTA C LA PATRIA SOMOS TODOS|Lista C|MALE||||||6
000371|PARTIDO POPULAR||#22B3AD||81|0003710000081D|0003710000081D|LISTA D MOVIMIENTO DE RENOVACIÓN SANTAFESINA|Lista D|MALE||||||7
000371|PARTIDO POPULAR||#22B3AD||81|0003710000081E|0003710000081E|LISTA E - PROTAGONISTAS|Lista E|MALE||||||8
000371|PARTIDO POPULAR||#22B3AD||81|0003710000081F|0003710000081F|LISTA F RED CIUDADANA SANTAFESINA|Lista F|MALE||||||9
000371|PARTIDO UNION CELESTE Y BLANCO||#F28296|party/default.png|71-65|0003710071-65A|0003710071-65A|E LISTA UNIDOS X SANTA FE|Lista A|MALE||||||29
000371|UNITE POR LA LIBERTAD Y LA DIGNIDAD||#F70854|party/default.png|71-188|000371071-188F|000371071-188F|LISTA F CIUDADANOS RESPONSABLES|Lista F|MALE||||||1
000371|UNITE POR LA LIBERTAD Y LA DIGNIDAD||#F70854||71-188|000371071-188A|000371071-188A|LISTA A NUEVA DEMOCRACIA|Lista A|MALE||||||39
000371|UNITE POR LA LIBERTAD Y LA DIGNIDAD||#F70854||71-188|000371071-188B|000371071-188B|LISTA B SALUD COMUNITARIA|Lista B|MALE||||||40
000371|UNITE POR LA LIBERTAD Y LA DIGNIDAD||#F70854||71-188|000371071-188C|000371071-188C|LISTA C ESPERANZA SANTAFESINA|Lista C|MALE||||||41
000371|UNITE POR LA LIBERTAD Y LA DIGNIDAD||#F70854||71-188|000371071-188D|000371071-188D|LISTA D UN NUEVO TIEMPO|Lista D|MALE||||||42
000371|UNITE POR LA LIBERTAD Y LA DIGNIDAD||#F70854||71-188|000371071-188E|000371071-188E|LISTA E FRENTE DE UNIDAD NACIENTE|Lista E|MALE||||||43
000371|UNITE POR LA LIBERTAD Y LA DIGNIDAD||#F70854||71-188|000371071-188G|000371071-188G|LISTA G COMPRENSIÓN|Lista G|MALE||||||2
000371|UNITE POR LA LIBERTAD Y LA DIGNIDAD||#F70854||71-188|000371071-188H|000371071-188H|LISTA H JUNTOS PARA GANAR|Lista H|MALE||||||3
000371|UNITE POR LA LIBERTAD Y LA DIGNIDAD||#F70854||71-188|000371071-188I|000371071-188I|LISTA I FUERZA PARA EL CAMBIO|Lista I|MALE||||||4
000371|VAMOS JUNTOS||#A15690|party/default.png|71-508|000371071-508A|000371071-508A|LISTA A JUNTOS POR VOS|Lista A|MALE||||||28
000371|VAMOS JUNTOS||#A15690||71-508|000371071-508B|000371071-508B|LISTA B UNIDOS POR LA FE|Lista B|MALE||||||29
000371|VAMOS JUNTOS||#A15690||71-508|000371071-508C|000371071-508C|LISTA C NUEVO AMANECER|Lista C|MALE||||||30
000371|VAMOS JUNTOS||#A15690||71-508|000371071-508D|000371071-508D|LISTA D AHORA ESTAMOS|Lista D|MALE||||||31
000372|CAMBIEMOS||#CADD61||135|0003720000135A|0003720000135A|LISTA A CAMBIANDO JUNTOS|Lista A|MALE||||||9
000372|FRENTE CIVICO POR SANTIAGO||#77B17F|party/default.png|72-502|000372072-502A|000372072-502A|A LISTA TODOS POR SANTIAGO|Lista A|MALE||||||23
000372|FRENTE RENOVADOR 1 PAIS||#B37503|party/default.png|72-501|000372072-501A|000372072-501A|LISTA A: UN PAÍS UNIDO HOY Y SIEMPRE|Lista A|MALE||||||22
000372|IZQUIERDA POR UNA OPCION SOCIALISTA||#086831|party/default.png|72-61|0003720072-61A|0003720072-61A|LETRA A HACIA EL FRENTE DE IZQUIERDA Y DE LOS TRABAJADORES|Lista A|MALE||||||21
000372|PARTIDO POPULAR||#22B3AD||81|0003720000081A|0003720000081A|MOVIMIENTO SOLIDARIO POPULAR|Lista A|MALE||||||4
000373|CAMBIEMOS PARA EL BICENTENARIO||#DC3F13|party/default.png|73-502|000373073-502A|000373073-502A|LISTA A CAMBIANDO JUNTOS|Lista A|MALE||||||4
000373|FRENTE AMPLIO TUCUMANO||#B76DCD|party/default.png|73-503|000373073-503A|000373073-503A|A LISTA DE UNIDAD|Lista A|MALE||||||5
000373|FRENTE DE IZQUIERDA Y DE LOS TRABAJADORES||#7AB965||137|0003730000137A|0003730000137A|LISTA A ROJA|Lista A|MALE||||||17
000373|FRENTE JUSTICIALISTA POR TUCUMAN||#828885|party/default.png|73-501|000373073-501G|000373073-501G|LISTA ROSA G|Lista G|MALE||||||1
000373|FRENTE JUSTICIALISTA POR TUCUMAN||#828885||73-501|000373073-501A|000373073-501A|LISTA NARANJA A|Lista A|MALE||||||24
000373|FRENTE JUSTICIALISTA POR TUCUMAN||#828885||73-501|000373073-501B|000373073-501B|LISTA MUP AMARILLO B|Lista B|MALE||||||25
000373|FRENTE JUSTICIALISTA POR TUCUMAN||#828885||73-501|000373073-501C|000373073-501C|LISTA CELESTE Y BLANCA C|Lista C|MALE||||||26
000373|FRENTE JUSTICIALISTA POR TUCUMAN||#828885||73-501|000373073-501D|000373073-501D|RENOVACION CON MASSA LISTA LILA D|Lista D|MALE||||||27
000373|FRENTE JUSTICIALISTA POR TUCUMAN||#828885||73-501|000373073-501E|000373073-501E|UNIDAD CIUDADANA LISTA MAGENTA E|Lista E|MALE||||||28
000373|FRENTE JUSTICIALISTA POR TUCUMAN||#828885||73-501|000373073-501F|000373073-501F|EL PERONISMO VUELVE LISTA VERDE F|Lista F|MALE||||||29
000373|FRENTE JUSTICIALISTA POR TUCUMAN||#828885||73-501|000373073-501H|000373073-501H|LISTA AZUL H|Lista H|MALE||||||2
000373|FRENTE JUSTICIALISTA POR TUCUMAN||#828885||73-501|000373073-501I|000373073-501I|LISTA GRIS I|Lista I|MALE||||||3
000373|FUERZA REPUBLICANA||#400032|party/default.png|73-181|000373073-181A|000373073-181A|LISTA A CELESTE Y BLANCA|Lista A|MALE||||||23
000373|MOVIMIENTO DE PARTICIPACION CIUDADANA||#D1CB79|party/default.png|73-177|000373073-177A|000373073-177A|LISTA1 COMPROMISO CIUDADANO, TRABAJO Y HONESTIDAD|Lista A|MALE||||||22
000373|MOVIMIENTO SOCIALISTA DE LOS TRABAJADORES||#ACD88B||38|0003730000038A|0003730000038A|UNIDAD|Lista A|MALE||||||21
000374|CAMBIEMOS TIERRA DEL FUEGO||#D5EF33|party/default.png|74-503|000374074-503A|000374074-503A|HACIENDO LO QUE HAY QUE HACER - LISTA T|Lista A|MALE||||||29
000374|FEDERAL FUEGUINO||#334066|party/default.png|74-167|000374074-167A|000374074-167A|LISTA A ORGULLO FUEGUINO|Lista A|MALE||||||24
000374|FRENTE CIUDADANO Y SOCIAL||#FE1BCF|party/default.png|74-502|000374074-502A|000374074-502A|INTEGRACIÓN Y PARTICIPACIÓN - LETRA A|Lista A|MALE||||||28
000374|FRENTE TIERRA DE UNION||#18072E|party/default.png|74-501|000374074-501A|000374074-501A|LISTA A CELESTE Y BLANCA|Lista A|MALE||||||27
000374|INICIATIVA POR LA UNION||#8FAD2B|party/default.png|74-207|000374074-207A|000374074-207A|LISTA A ALTERNATIVA PUEBLO FUEGUINO|Lista A|MALE||||||26
000374|INSTRUMENTO ELECTORAL POR LA UNIDAD POPULAR||#E529B1|party/default.png|74-72|0003740074-72A|0003740074-72A|LISTA FRENTE SOLIDARIO Y POPULAR DE LOS TRABAJADORES|Lista A|MALE||||||21
000374|MOVIMIENTO POLITICO, SOCIAL Y CULTURAL PROYECTO SUR||#833551||83|0003740000083A|0003740000083A|LISTA CELESTE A|Lista A|MALE||||||23
000374|PARTIDO DE LA CULTURA LA EDUCACION Y EL TRABAJO||#B9D2C2|party/default.png|74-76|0003740074-76A|0003740074-76A|LISTA A PENSANDO COMO VOS|Lista A|MALE||||||22
000374|PARTIDO OBRERO||#7DE03D|party/default.png|74-203|000374074-203A|000374074-203A|LISTA 1 ROJA A|Lista A|MALE||||||25
000374|PARTIDO POPULAR||#22B3AD||81|0003740000081A|0003740000081A|MOVIMIENTO SOLIDARIO POPULAR|Lista A|MALE||||||4
000374|UNIR TDF||#B17743|party/default.png|74-504|000374074-504A|000374074-504A|LISTA A CELESTE|Lista A|MALE||||||1
000452|1 PAIS||#F2477A||52-501|000452052-501A|000452052-501A|UN PAIS UNIDO HOY Y SIEMPRE|Lista A|MALE||||||4
000452|CAMBIEMOS BUENOS AIRES||#9858E7||52-508|000452052-508A|000452052-508A|CAMBIANDO JUNTOS|Lista A|MALE||||||16
000452|CREO||#DB8608||52-507|000452052-507A|000452052-507A|CONVICCIONES|Lista A|MALE||||||15
000452|FRENTE DE IZQUIERDA Y DE LOS TRABAJADORES||#7AB965||137|0004520000137A|0004520000137A|LISTA A ROJA|Lista A|MALE||||||1
000452|FRENTE JUSTICIALISTA||#27EAEE||52-509|000452052-509A|000452052-509A|CUMPLIR R|Lista A|MALE||||||17
000452|FRENTE PATRIOTA BANDERA VECINAL||#5A470A||52-505|000452052-505A|000452052-505A|LISTA A - CONDUCCIÓN|Lista A|MALE||||||8
000452|FRENTE PATRIOTA BANDERA VECINAL||#5A470A||52-505|000452052-505B|000452052-505B|LISTA B - ESPERANZA|Lista B|MALE||||||9
000452|FRENTE PATRIOTA BANDERA VECINAL||#5A470A||52-505|000452052-505C|000452052-505C|LISTA C - ORDEN Y SEGURIDAD|Lista C|MALE||||||10
000452|FRENTE PATRIOTA BANDERA VECINAL||#5A470A||52-505|000452052-505D|000452052-505D|LISTA D- SOLIDARIDAD|Lista D|MALE||||||11
000452|FRENTE PATRIOTA BANDERA VECINAL||#5A470A||52-505|000452052-505E|000452052-505E|LISTA E - PIONEROS|Lista E|MALE||||||12
000452|FRENTE PATRIOTA BANDERA VECINAL||#5A470A||52-505|000452052-505F|000452052-505F|LISTA F - SOBERANÍA|Lista F|MALE||||||13
000452|FRENTE SOCIALISTA Y POPULAR||#E3C897||52-502|000452052-502A|000452052-502A|LISTA A|Lista A|MALE||||||5
000452|IZQUIERDA AL FRENTE POR EL SOCIALISMO||#CFC7B9||52-504|000452052-504A|000452052-504A|1A UNIDAD DE LA IZQUIERDA|Lista A|MALE||||||7
000452|MOVIMIENTO AMPLIO DE TRABAJADORES Y JUBILADOS- MATRAJU-||#E4E363||52-268|000452052-268A|000452052-268A|LISTA UNIDAD N° 1|Lista A|MALE||||||10
000452|PARTIDO DEL CAMPO POPULAR||#09EDCA||52-259|000452052-259A|000452052-259A|LISTA A INDEPENDENCIA|Lista A|MALE||||||7
000452|PARTIDO DEL CAMPO POPULAR||#09EDCA||52-259|000452052-259B|000452052-259B|LISTA B LIBERTAD|Lista B|MALE||||||8
000452|PARTIDO DEL CAMPO POPULAR||#09EDCA||52-259|000452052-259C|000452052-259C|LISTA C SEGURIDAD|Lista C|MALE||||||9
000452|PARTIDO FEDERAL||#E1AF89||52-8|00045200052-8A|00045200052-8A|LISTA ROJO PUNZÓ LETRA A|Lista A|MALE||||||2
000452|PARTIDO FEDERAL||#E1AF89||52-8|00045200052-8B|00045200052-8B|LISTA CELESTE Y BLANCA LETRA B|Lista B|MALE||||||3
000452|PARTIDO FEDERAL||#E1AF89||52-8|00045200052-8C|00045200052-8C|FEDERALISMO PURO LETRA C|Lista C|MALE||||||4
000452|PARTIDO FEDERAL||#E1AF89||52-8|00045200052-8D|00045200052-8D|LISTA ALTERNATIVA LETRA D|Lista D|MALE||||||5
000452|PARTIDO HUMANISTA||#79D290||22|0004520000022A|0004520000022A|LISTA A NARANJA|Lista A|MALE||||||6
000452|PARTIDO MOVIMIENTO ORGANIZACIÓN DEMOCRÁTICA||#6E60B4||52-309|000452052-309A|000452052-309A|LISTA COMPROMISO CIUDADANO|Lista A|MALE||||||3
000452|PARTIDO TODOS POR BUENOS AIRES||#6402F4||52-298|000452052-298A|000452052-298A|LISTA TOBA|Lista A|MALE||||||1
000452|UNIDAD CIUDADANA||#7717F9||52-503|000452052-503A|000452052-503A|LISTA CELESTE Y BLANCA U|Lista A|MALE||||||6
000459|FRENTE AMPLIO FORMOSEÑO CAMBIEMOS||#69EB27||59-502|000459059-502A|000459059-502A|LISTA VAMOS JUNTOS|Lista A|MALE||||||27
000459|FRENTE DE LA VICTORIA||#E55320||59-501|000459059-501A|000459059-501A|LISTA CELESTE BLANCA Y AZUL|Lista A|MALE||||||26
000459|PARTIDO AUTONOMISTA||#ACE30C||59-211|000459059-211A|000459059-211A|LISTA A|Lista A|MALE||||||24
000459|PARTIDO OBRERO||#2A33B6||59-204|000459059-204A|000459059-204A|ROJA 1|Lista A|MALE||||||23
000459|PARTIDO PRINCIPIOS Y CONVICCION||#86E669||59-212|000459059-212A|000459059-212A|LISTA A|Lista A|MALE||||||25
000459|PARTIDO SOCIALISTA||#6B08F0||59-50|0004590059-50A|0004590059-50A|Lista A|Lista A|MALE||||||22
000459|UNION POPULAR||#6CF794||59-23|0004590059-23A|0004590059-23A|LISTA BLANCA|Lista A|MALE||||||21
000460|COMPROMISO FEDERAL||#DB9AD3||82|0004600000082A|0004600000082A|LISTA COMPROMISO CON EL PUEBLO|Lista A|MALE||||||23
000460|FRENTE DE IZQUIERDA Y DE LOS TRABAJADORES||#7AB965||137|0004600000137A|0004600000137A|LISTA A ROJA|Lista A|MALE||||||17
000460|FRENTE JUJEÑO CAMBIEMOS||#477097||60-502|000460060-502A|000460060-502A|A CAMBIANDO JUNTOS|Lista A|MALE||||||28
000460|FRENTE JUSTICIALISTA||#FEDCAA||60-505|000460060-505A|000460060-505A|A LISTA POR JUJUY|Lista A|MALE||||||29
000460|FRENTE JUSTICIALISTA||#FEDCAA||60-505|000460060-505B|000460060-505B|B LISTA AZUL HONESTIDAD|Lista B|MALE||||||1
000460|FRENTE JUSTICIALISTA||#FEDCAA||60-505|000460060-505C|000460060-505C|C LISTA: EL PERONISMO VUELVE|Lista C|MALE||||||2
000460|FRENTE JUSTICIALISTA||#FEDCAA||60-505|000460060-505D|000460060-505D|D JUJUY AVANZA|Lista D|MALE||||||3
000460|FRENTE JUSTICIALISTA||#FEDCAA||60-505|000460060-505E|000460060-505E|E SI! POR LA IGUALDAD|Lista E|MALE||||||4
000460|FRENTE JUSTICIALISTA||#FEDCAA||60-505|000460060-505F|000460060-505F|F LISTA CELESTE Y BLANCO DE LOS TRABAJADORES|Lista F|MALE||||||5
000460|FRENTE RENOVADOR 1 PAIS||#E70CBC||60-501|000460060-501A|000460060-501A|LISTA 1 RENOVACIÓN|Lista A|MALE||||||25
000460|FRENTE RENOVADOR 1 PAIS||#E70CBC||60-501|000460060-501B|000460060-501B|LISTA 2 RENOVEMOS JUJUY|Lista B|MALE||||||26
000460|FRENTE RENOVADOR 1 PAIS||#E70CBC||60-501|000460060-501C|000460060-501C|LISTA 3 UN JUJUY UNIDOS POR UNA NUEVA ARGENTINA|Lista C|MALE||||||27
000460|MOVIMIENTO INTEGRACION LATINOAMERICANA DE EXPRESION SOCIAL||#7132BD||60-210|000460060-210A|000460060-210A|POR LA UNIDAD CIUDADANA JUJUY|Lista A|MALE||||||24
000460|MOVIMIENTO SOCIALISTA DE LOS TRABAJADORES||#ACD88B||38|0004600000038A|0004600000038A|VAMOS POR UNA IZQUIERDA AL FRENTE|Lista A|MALE||||||22
000460|PARTIDO NACIONALISTA CONSTITUCIONAL UNIR||#50F5C0||33|0004600000033A|0004600000033A|UNIR MI JUJUY|Lista A|MALE||||||21
000462|ALTERNATIVA POPULAR RIOJANA||#63D545||62-504|000462062-504A|000462062-504A|CIUDADANO POR LA VICTORIA - A|Lista A|MALE||||||25
000462|CAMBIEMOS-FUERZA CIVICA RIOJANA||#3E8ABE||62-502|000462062-502A|000462062-502A|LISTA CAMBIA LA RIOJA LETRA A|Lista A|MALE||||||23
000462|FRENTE DE IZQUIERDA Y DE LOS TRABAJADORES||#7AB965||137|0004620000137A|0004620000137A|LISTA A ROJA|Lista A|MALE||||||17
000462|FRENTE JUSTICIALISTA RIOJANO||#AA8A26||62-501|000462062-501A|000462062-501A|RIOJA FEDERAL A|Lista A|MALE||||||22
000462|IZQUIERDA AL FRENTE POR EL SOCIALISMO||#1E8591||62-506|000462062-506A|000462062-506A|UNIDAD DE LA IZQUIERDA A|Lista A|MALE||||||26
000462|MOVIMIENTO NORTE GRANDE||#1D7B9C||62-159|000462062-159A|000462062-159A|AZUL T|Lista A|MALE||||||21
000464|COMPROMISO FEDERAL||#DB9AD3||82|0004640000082A|0004640000082A|AMARILLO Y NEGRO|Lista A|MALE||||||24
000464|FRENTE AVANCEMOS||#024237||64-503|000464064-503A|000464064-503A|A PROVINCIA|Lista A|MALE||||||29
000464|FRENTE CAMBIEMOS||#C01F09||64-501|000464064-501A|000464064-501A|CAMBIANDO JUNTOS|Lista A|MALE||||||27
000464|FRENTE RENOVADOR DE LA CONCORDIA||#8CF9A4||64-502|000464064-502A|000464064-502A|LISTA ROJA, AZUL Y BLANCA|Lista A|MALE||||||28
000464|INSTRUMENTO ELECTORAL POR LA UNIDAD POPULAR||#22F64B||64-72|0004640064-72A|0004640064-72A|Lista A|Lista A|MALE||||||23
000464|PARTIDO AGRARIO Y SOCIAL||#556D63||64-184|000464064-184A|000464064-184A|LISTA VERDE K|Lista A|MALE||||||26
000464|PARTIDO DEL OBRERO||#3E8815||64-71|0004640064-71A|0004640064-71A|1 ROJA|Lista A|MALE||||||22
000464|PARTIDO NUEVO OCTUBRE||#1A04DB||64-165|000464064-165A|000464064-165A|PODEMOS|Lista A|MALE||||||25
000464|UNION POPULAR||#863741||64-23|0004640064-23A|0004640064-23A|UNIDAD|Lista A|MALE||||||21
000468|1 PAIS - SOMOS SAN JUAN||#6DA1A0||68-503|000468068-503A|000468068-503A|LISTA PROVINCIA|Lista A|MALE||||||29
000468|ACCION POR UNA DEMOCRACIA NUEVA||#45244F||68-182|000468068-182A|000468068-182A|LISTA SANJUANINO|Lista A|MALE||||||24
000468|CAMBIEMOS SAN JUAN||#DCFF69||68-501|000468068-501A|000468068-501A|CAMBIANDO JUNTOS|Lista A|MALE||||||26
000468|CAMBIEMOS SAN JUAN||#DCFF69||68-501|000468068-501B|000468068-501B|RENOVACION|Lista B|MALE||||||27
000468|FRENTE PROGRESISTA POPULAR||#CA1312||68-504|000468068-504A|000468068-504A|LISTA PARTICIPACIÓN|Lista A|MALE||||||1
000468|FRENTE TODOS||#F96E09||68-502|000468068-502A|000468068-502A|LISTA SAN JUAN PRIMERO|Lista A|MALE||||||28
000468|IZQUIERDA POR UNA OPCION SOCIALISTA||#095149||68-61|0004680068-61A|0004680068-61A|LISTA 1 HACIA EL FRENTE DE IZQUIERDA Y DE LOS TRABAJADORES|Lista A|MALE||||||21
000468|NUEVA IZQUIERDA||#327215||68|0004680000068A|0004680000068A|LISTA UNIDAD|Lista A|MALE||||||3
000468|PARTIDO MOVIMIENTO VIDA Y COMPROMISO||#158DE5||68-167|000468068-167A|000468068-167A|LISTA CELESTE|Lista A|MALE||||||22
000469|AVANZAR Y CAMBIEMOS POR SAN LUIS||#B27987||69-502|000469069-502A|000469069-502A|MOVIMIENTO DE RECUPERACIÓN Y CAMBIO|Lista A|MALE||||||5
000469|AVANZAR Y CAMBIEMOS POR SAN LUIS||#B27987||69-502|000469069-502B|000469069-502B|UNIDAD Y CONSENSO POR SAN LUIS|Lista B|MALE||||||6
000469|FRENTE UNIDAD JUSTICIALISTA SAN LUIS||#C67670||69-501|000469069-501A|000469069-501A|A EL CAMBIO CONTINÚA|Lista A|MALE||||||4
000469|GEN||#9DC1D4||69-69|0004690069-69A|0004690069-69A|LISTA UN SAN LUIS A|Lista A|MALE||||||3
000469|MOVIMIENTO SOCIALISTA DE LOS TRABAJADORES||#ACD88B||38|0004690000038A|0004690000038A|VAMOS POR UNA IZQUIERDA AL FRENTE|Lista A|MALE||||||1
000469|PARTIDO DE TRABAJADORES POR EL SOCIALISMO||#C19234||69-70|0004690069-70A|0004690069-70A|LISTA FRENTE DE IZQUIERDA|Lista A|MALE||||||2
000470|FRENTE DE IZQUIERDA Y DE LOS TRABAJADORES - PARTIDO OBRERO + IZQUIERDA POR UNA OPCIÓN SOCIALISTA||#C8BCC5||70-504|000470070-504A|000470070-504A|1-ROJA|Lista A|MALE||||||28
000470|FRENTE PARA LA VICTORIA||#0F4026||131|0004700000131A|0004700000131A|CELESTE Y BLANCA K NÉSTOR KIRCHNER|Lista A|MALE||||||5
000470|FRENTE PARA LA VICTORIA||#0F4026||131|0004700000131B|0004700000131B|LISTA MOVIMIENTO JUSTICIA SOCIAL|Lista B|MALE||||||6
000470|FRENTE RENOVADOR AUTENTICO||#B9282E||70-176|000470070-176A|000470070-176A|1PROVINCIA|Lista A|MALE||||||23
000470|IZQUIERDA AL FRENTE POR EL SOCIALISMO||#D455C8||70-501|000470070-501A|000470070-501A|UNIDAD|Lista A|MALE||||||24
000470|MOVIMIENTO POLITICO, SOCIAL Y CULTURAL PROYECTO SUR||#833551||83|0004700000083A|0004700000083A|MEJOR ES HACER|Lista A|MALE||||||22
000470|PARTIDO DEL CAMPO POPULAR||#61F460||70-180|000470070-180A|000470070-180A|LISTA A FRENTE DE LOS JUBILADOS|Lista A|MALE||||||1
000470|PARTIDO DEL CAMPO POPULAR||#61F460||70-180|000470070-180B|000470070-180B|LISTA B PROYECTO JOVEN|Lista B|MALE||||||2
000470|PARTIDO DEL CAMPO POPULAR||#61F460||70-180|000470070-180C|000470070-180C|LISTA C MAS RENOVADOR|Lista C|MALE||||||3
000470|PARTIDO DEL CAMPO POPULAR||#61F460||70-180|000470070-180E|000470070-180E|LISTA E CON TOTAL SEGURIDAD|Lista E|MALE||||||5
000470|PARTIDO DEL CAMPO POPULAR||#61F460||70-180|000470070-180G|000470070-180G|LISTA G POR LA DECADA GANADA|Lista G|MALE||||||7
000470|UNION PARA VIVIR MEJOR, CAMBIEMOS||#D8E593||70-503|000470070-503B|000470070-503B|INTEGRACIÓN CIUDADANA|Lista B|MALE||||||26
000470|UNION PARA VIVIR MEJOR, CAMBIEMOS||#D8E593||70-503|000470070-503C|000470070-503C|JUNTOS POR UN CAMBIO|Lista C|MALE||||||27
000470|UNITE POR LA LIBERTAD Y LA DIGNIDAD||#417A0D||70-188|000470070-188A|000470070-188A|LISTA A NUEVA DEMOCRACIA|Lista A|MALE||||||8
000470|UNITE POR LA LIBERTAD Y LA DIGNIDAD||#417A0D||70-188|000470070-188B|000470070-188B|LISTA B SALUD COMUNITARIA|Lista B|MALE||||||9
000470|UNITE POR LA LIBERTAD Y LA DIGNIDAD||#417A0D||70-188|000470070-188D|000470070-188D|LISTA D UN NUEVO TIEMPO|Lista D|MALE||||||11
000470|UNITE POR LA LIBERTAD Y LA DIGNIDAD||#417A0D||70-188|000470070-188F|000470070-188F|LISTA F CIUDADANOS RESPONSABLES|Lista F|MALE||||||13
000470|UNITE POR LA LIBERTAD Y LA DIGNIDAD||#417A0D||70-188|000470070-188G|000470070-188G|LISTA G COMPRENSIÓN|Lista G|MALE||||||14
000470|UNITE POR LA LIBERTAD Y LA DIGNIDAD||#417A0D||70-188|000470070-188H|000470070-188H|LISTA H JUNTOS PARA GANAR|Lista H|MALE||||||15
000552|1 PAIS||#F2477A||52-501|000552052-501A|000552052-501A|UN PAIS UNIDO HOY Y SIEMPRE|Lista A|MALE||||||4
000552|CAMBIEMOS BUENOS AIRES||#9858E7||52-508|000552052-508A|000552052-508A|CAMBIANDO JUNTOS|Lista A|MALE||||||16
000552|CREO||#DB8608||52-507|000552052-507A|000552052-507A|CONVICCIONES|Lista A|MALE||||||15
000552|ENCUENTRO POPULAR POR TIERRA, TECHO Y TRABAJO||#DE7F04||52-506|000552052-506A|000552052-506A|MEMORIA VERDAD JUSTICIA|Lista A|MALE||||||14
000552|FRENTE DE IZQUIERDA Y DE LOS TRABAJADORES||#7AB965||137|0005520000137A|0005520000137A|LISTA A ROJA|Lista A|MALE||||||1
000552|FRENTE PATRIOTA BANDERA VECINAL||#5A470A||52-505|000552052-505A|000552052-505A|LISTA A - CONDUCCIÓN|Lista A|MALE||||||8
000552|FRENTE SOCIALISTA Y POPULAR||#E3C897||52-502|000552052-502A|000552052-502A|LISTA A|Lista A|MALE||||||5
000552|MOVIMIENTO AMPLIO DE TRABAJADORES Y JUBILADOS- MATRAJU-||#E4E363||52-268|000552052-268A|000552052-268A|LISTA UNIDAD N° 1|Lista A|MALE||||||10
000552|PARTIDO FEDERAL||#E1AF89||52-8|00055200052-8A|00055200052-8A|LISTA ROJO PUNZÓ LETRA A|Lista A|MALE||||||2
000552|PARTIDO FEDERAL||#E1AF89||52-8|00055200052-8B|00055200052-8B|LISTA CELESTE Y BLANCA LETRA B|Lista B|MALE||||||3
000552|PARTIDO FEDERAL||#E1AF89||52-8|00055200052-8C|00055200052-8C|FEDERALISMO PURO LETRA C|Lista C|MALE||||||4
000552|PARTIDO FEDERAL||#E1AF89||52-8|00055200052-8D|00055200052-8D|LISTA ALTERNATIVA LETRA D|Lista D|MALE||||||5
000552|PARTIDO HUMANISTA||#79D290||22|0005520000022A|0005520000022A|LISTA A NARANJA|Lista A|MALE||||||6
000552|PARTIDO MOVIMIENTO ORGANIZACIÓN DEMOCRÁTICA||#6E60B4||52-309|000552052-309A|000552052-309A|LISTA COMPROMISO CIUDADANO|Lista A|MALE||||||3
000552|PARTIDO TODOS POR BUENOS AIRES||#6402F4||52-298|000552052-298A|000552052-298A|LISTA TOBA|Lista A|MALE||||||1
000552|PATRIA GRANDE||#E30D19||52-301|000552052-301A|000552052-301A|LISTA A VAMOS|Lista A|MALE||||||2
000552|UNIDAD CIUDADANA||#7717F9||52-503|000552052-503A|000552052-503A|LISTA CELESTE Y BLANCA U|Lista A|MALE||||||6
000554|CAMBIEMOS||#CADD61||135|0005540000135H|0005540000135H|CAMBIANDO JUNTOS - LISTA M|Lista H|MALE||||||16
000554|CAMBIEMOS||#CADD61||135|0005540000135I|0005540000135I|PARA LA DEMOCRACIA SOCIAL - LISTA R|Lista I|MALE||||||17
000554|ENCUENTRO VECINAL CORDOBA||#64221F||54-217|000554054-217A|000554054-217A|LISTA: VALORES EN ACCIÓN A1|Lista A|MALE||||||26
000554|FRENTE CÓRDOBA CIUDADANA||#40165A||54-504|000554054-504A|000554054-504A|LISTA 5 K|Lista A|MALE||||||4
000554|FRENTE DE IZQUIERDA Y DE LOS TRABAJADORES||#7AB965||137|0005540000137A|0005540000137A|LISTA A ROJA|Lista A|MALE||||||19
000554|GEN||#C22E58||54-69|0005540054-69A|0005540054-69A|LISTA 1 A MARGARITA|Lista A|MALE||||||24
000554|IZQUIERDA AL FRENTE POR EL SOCIALISMO||#688D97||54-505|000554054-505A|000554054-505A|LISTA 1 A|Lista A|MALE||||||5
000554|PARTIDO HUMANISTA||#79D290||22|0005540000022A|0005540000022A|LISTA NARANJA 22 H|Lista A|MALE||||||23
000554|PARTIDO PRIMERO LA GENTE||#5426AA||54-201|000554054-201A|000554054-201A|LISTA CÓRODBA CAMBIA /1A|Lista A|MALE||||||25
000554|POLITICA ABIERTA PARA LA INTEGRIDAD SOCIAL||#34AF35||54-231|000554054-231A|000554054-231A|LISTA 1 A- NUEVO PAÍS|Lista A|MALE||||||27
000554|POLITICA ABIERTA PARA LA INTEGRIDAD SOCIAL||#34AF35||54-231|000554054-231B|000554054-231B|LISTA 2 B - POR UN NUEVO PAÍS|Lista B|MALE||||||28
000554|POLITICA ABIERTA PARA LA INTEGRIDAD SOCIAL||#34AF35||54-231|000554054-231C|000554054-231C|LISTA 3 C - POR UN PAIS MEJOR|Lista C|MALE||||||29
000554|POLITICA ABIERTA PARA LA INTEGRIDAD SOCIAL||#34AF35||54-231|000554054-231D|000554054-231D|LISTA 4 D - JUNTOS POR UN PAIS|Lista D|MALE||||||1
000554|SOMOS||#27F17F||54-502|000554054-502A|000554054-502A|LISTA COMPROMISO A1|Lista A|MALE||||||2
000554|UNIÓN POR CÓRDOBA||#EC7D9B||54-503|000554054-503A|000554054-503A|MOVIMIENTO DE UNIDAD PERONISTA 2 M|Lista A|MALE||||||3
000556|ALIANZA CAMBIEMOS||#A07BF2||56-503|000556056-503A|000556056-503A|A CAMBIANDO JUNTOS|Lista A|MALE||||||5
000556|ALIANZA CAMBIEMOS||#A07BF2||56-503|000556056-503B|000556056-503B|C ENCUENTRO CIVICO|Lista B|MALE||||||6
000556|ALIANZA FRENTE CHACO MERECE MAS||#86BF42||56-502|000556056-502A|000556056-502A|LISTA 502B TRES BANDERAS|Lista A|MALE||||||28
000556|ALIANZA FRENTE CHACO MERECE MAS||#86BF42||56-502|000556056-502C|000556056-502C|LISTA 502K CORRIENTE PROVINCIAL KIRCHNERISTA|Lista C|MALE||||||1
000556|ALIANZA FRENTE CHACO MERECE MAS||#86BF42||56-502|000556056-502D|000556056-502D|LISTA 502L LA DOS|Lista D|MALE||||||2
000556|ALIANZA FRENTE CHACO MERECE MAS||#86BF42||56-502|000556056-502F|000556056-502F|LISTA 502S SOCIALISTAS UNIDOS|Lista F|MALE||||||4
000556|ALIANZA UN NUEVO PAIS||#6DF633||56-504|000556056-504A|000556056-504A|LISTA UNIDAD A|Lista A|MALE||||||7
000556|ALIANZA UNIDAD CIUDADANA||#D0AF88||56-501|000556056-501A|000556056-501A|LISTA 501K ROYECTO NACIONAL Y POPULAR|Lista A|MALE||||||27
000556|COMPROMISO FEDERAL||#DB9AD3||82|0005560000082A|0005560000082A|AMARILLO Y NEGRO -A-|Lista A|MALE||||||23
000556|MOVIMIENTO POLITICO, SOCIAL Y CULTURAL PROYECTO SUR||#833551||83|0005560000083A|0005560000083A|LISTA VERDE A|Lista A|MALE||||||26
000556|PARTIDO CIUDADANOS A GOBERNAR||#91FC50||56-179|000556056-179A|000556056-179A|A LISTA AZUL Y BLANCA|Lista A|MALE||||||25
000556|PARTIDO DEL OBRERO||#059971||56-71|0005560056-71A|0005560056-71A|LISTA A FRENTE DE IZQUIERDA Y DE LOS TRABAJADORES 71|Lista A|MALE||||||22
000556|PARTIDO DEMOCRATA||#F0611B||56-176|000556056-176A|000556056-176A|LISTA A CELESTE Y BLANCA|Lista A|MALE||||||24
000561|ALIANZA IZQUIERDA AL FRENTE POR EL SOCIALISMO||#83D47E||61-502|000561061-502A|000561061-502A|LISTA 502 1A UNIDAD DE LA IZQUIERDA|Lista A|MALE||||||1
000561|FRENTE CAMBIEMOS LA PAMPA||#63230B||61-503|000561061-503A|000561061-503A|LISTA 503B RENOVACIÓN Y CAMBIO|Lista A|MALE||||||2
000561|FRENTE CAMBIEMOS LA PAMPA||#63230B||61-503|000561061-503B|000561061-503B|LISTA M503 CAMBIAR LA PAMPA|Lista B|MALE||||||3
000561|FRENTE CAMBIEMOS LA PAMPA||#63230B||61-503|000561061-503C|000561061-503C|LISTA T503 JUNTOS POR LA PAMPA|Lista C|MALE||||||4
000561|FRENTE PROGRESISTA PAMPEANO||#BC0370||61-501|000561061-501A|000561061-501A|LISTA G ES EL MOMENTO|Lista A|MALE||||||28
000561|FRENTE PROGRESISTA PAMPEANO||#BC0370||61-501|000561061-501B|000561061-501B|LISTA S MÁS PARA LA GENTE|Lista B|MALE||||||29
000561|PARTIDO DE LOS TRABAJADORES SOCIALISTAS||#A66B9A||61-190|000561061-190A|000561061-190A|ROJA A|Lista A|MALE||||||27
000561|PARTIDO HUMANISTA||#79D290||22|0005610000022A|0005610000022A|LISTA 22K COHERENCIA|Lista A|MALE||||||26
000561|PARTIDO JUSTICIALISTA||#AC802D||61-2|00056100061-2A|00056100061-2A|LISTA 2A PERONISTAS DE LA PAMPA|Lista A|MALE||||||21
000561|PARTIDO JUSTICIALISTA||#AC802D||61-2|00056100061-2B|00056100061-2B|LISTA C CIUDADANOS EN ACCIÓN|Lista B|MALE||||||22
000561|PARTIDO JUSTICIALISTA||#AC802D||61-2|00056100061-2D|00056100061-2D|LETRA P 4 DE JUNIO|Lista D|MALE||||||24
000563|CAMBIEMOS||#CADD61||135|0005630000135B|0005630000135B|501 B DIGNIDAD PARTIDARIA|Lista B|MALE||||||1
000563|CAMBIEMOS||#CADD61||135|0005630000135D|0005630000135D|EQUIPO DE GOBIERNO|Lista D|MALE||||||2
000563|ENCUENTRO POR MENDOZA||#B48067||63-504|000563063-504A|000563063-504A|LISTA AZUL Y BLANCA|Lista A|MALE||||||11
000563|FRENTE DE IZQUIERDA Y DE LOS TRABAJADORES||#7AB965||137|0005630000137A|0005630000137A|LISTA A ROJA|Lista A|MALE||||||3
000563|PARTIDO DEL TRABAJO Y DEL PUEBLO POR UN PROYECTO POPULAR||#496A1E||63-74|0005630063-74A|0005630063-74A|LISTA 74 AHORA EL PUEBLO|Lista A|MALE||||||5
000563|PARTIDO INTRANSIGENTE||#57E9BF||63-6|00056300063-6A|00056300063-6A|LISTA PROTECTORA|Lista A|MALE||||||4
000563|PARTIDO VERDE||#ED910F||63-181|000563063-181A|000563063-181A|LISTA UNIDAD|Lista A|MALE||||||6
000563|PODEMOS CON LA IZQUIERDA||#2D1387||63-221|000563063-221A|000563063-221A|LISTA 1 UNIDAD|Lista A|MALE||||||7
000569|AVANZAR Y CAMBIEMOS POR SAN LUIS||#B27987||69-502|000569069-502A|000569069-502A|MOVIMIENTO DE RECUPERACIÓN Y CAMBIO|Lista A|MALE||||||5
000569|AVANZAR Y CAMBIEMOS POR SAN LUIS||#B27987||69-502|000569069-502B|000569069-502B|UNIDAD Y CONSENSO POR SAN LUIS|Lista B|MALE||||||6
000569|GEN||#9DC1D4||69-69|0005690069-69A|0005690069-69A|LISTA UN SAN LUIS A|Lista A|MALE||||||3
000569|MOVIMIENTO SOCIALISTA DE LOS TRABAJADORES||#ACD88B||38|0005690000038A|0005690000038A|VAMOS POR UNA IZQUIERDA AL FRENTE|Lista A|MALE||||||1
000569|PARTIDO DE TRABAJADORES POR EL SOCIALISMO||#C19234||69-70|0005690069-70A|0005690069-70A|LISTA FRENTE DE IZQUIERDA|Lista A|MALE||||||2
000573|CAMBIEMOS PARA EL BICENTENARIO||#DC3F13||73-502|000573073-502A|000573073-502A|LISTA A CAMBIANDO JUNTOS|Lista A|MALE||||||4
000573|FRENTE AMPLIO TUCUMANO||#B76DCD||73-503|000573073-503A|000573073-503A|A LISTA DE UNIDAD|Lista A|MALE||||||5
000573|FRENTE DE IZQUIERDA Y DE LOS TRABAJADORES||#7AB965||137|0005730000137A|0005730000137A|LISTA A ROJA|Lista A|MALE||||||17
000573|FRENTE JUSTICIALISTA POR TUCUMAN||#828885||73-501|000573073-501A|000573073-501A|LISTA NARANJA A|Lista A|MALE||||||24
000573|FRENTE JUSTICIALISTA POR TUCUMAN||#828885||73-501|000573073-501C|000573073-501C|LISTA CELESTE Y BLANCA C|Lista C|MALE||||||26
000573|FRENTE JUSTICIALISTA POR TUCUMAN||#828885||73-501|000573073-501D|000573073-501D|RENOVACION CON MASSA LISTA LILA D|Lista D|MALE||||||27
000573|FRENTE JUSTICIALISTA POR TUCUMAN||#828885||73-501|000573073-501E|000573073-501E|UNIDAD CIUDADANA LISTA MAGENTA E|Lista E|MALE||||||28
000573|FRENTE JUSTICIALISTA POR TUCUMAN||#828885||73-501|000573073-501F|000573073-501F|EL PERONISMO VUELVE LISTA VERDE F|Lista F|MALE||||||29
000573|FRENTE JUSTICIALISTA POR TUCUMAN||#828885||73-501|000573073-501G|000573073-501G|LISTA ROSA G|Lista G|MALE||||||1
000573|FRENTE JUSTICIALISTA POR TUCUMAN||#828885||73-501|000573073-501H|000573073-501H|LISTA AZUL H|Lista H|MALE||||||2
000573|FRENTE JUSTICIALISTA POR TUCUMAN||#828885||73-501|000573073-501I|000573073-501I|LISTA GRIS I|Lista I|MALE||||||3
000573|FUERZA REPUBLICANA||#400032||73-181|000573073-181A|000573073-181A|LISTA A CELESTE Y BLANCA|Lista A|MALE||||||23
000573|MOVIMIENTO DE PARTICIPACION CIUDADANA||#D1CB79||73-177|000573073-177A|000573073-177A|LISTA1 COMPROMISO CIUDADANO, TRABAJO Y HONESTIDAD|Lista A|MALE||||||22
000573|MOVIMIENTO SOCIALISTA DE LOS TRABAJADORES||#ACD88B||38|0005730000038A|0005730000038A|UNIDAD|Lista A|MALE||||||21
